Indicator,S.No.,Parameters,Type,District - _Andhra Pradesh - Total [(A+B) or (C+D)],District - _Andhra Pradesh - Public [A],District - _Andhra Pradesh - Private [B],District - _Andhra Pradesh - Urban [C],District - _Andhra Pradesh - Rural [D],District - Anantapur - Total [(A+B) or (C+D)],District - Anantapur - Public [A],District - Anantapur - Private [B],District - Anantapur - Urban [C],District - Anantapur - Rural [D],District - Chittoor - Total [(A+B) or (C+D)],District - Chittoor - Public [A],District - Chittoor - Private [B],District - Chittoor - Urban [C],District - Chittoor - Rural [D],District - Cuddapah - Total [(A+B) or (C+D)],District - Cuddapah - Public [A],District - Cuddapah - Private [B],District - Cuddapah - Urban [C],District - Cuddapah - Rural [D],District - East Godavari - Total [(A+B) or (C+D)],District - East Godavari - Public [A],District - East Godavari - Private [B],District - East Godavari - Urban [C],District - East Godavari - Rural [D],District - Guntur - Total [(A+B) or (C+D)],District - Guntur - Public [A],District - Guntur - Private [B],District - Guntur - Urban [C],District - Guntur - Rural [D],District - Krishna - Total [(A+B) or (C+D)],District - Krishna - Public [A],District - Krishna - Private [B],District - Krishna - Urban [C],District - Krishna - Rural [D],District - Kurnool - Total [(A+B) or (C+D)],District - Kurnool - Public [A],District - Kurnool - Private [B],District - Kurnool - Urban [C],District - Kurnool - Rural [D],District - Nellore - Total [(A+B) or (C+D)],District - Nellore - Public [A],District - Nellore - Private [B],District - Nellore - Urban [C],District - Nellore - Rural [D],District - Prakasam - Total [(A+B) or (C+D)],District - Prakasam - Public [A],District - Prakasam - Private [B],District - Prakasam - Urban [C],District - Prakasam - Rural [D],District - Srikakulam - Total [(A+B) or (C+D)],District - Srikakulam - Public [A],District - Srikakulam - Private [B],District - Srikakulam - Urban [C],District - Srikakulam - Rural [D],District - Vishakapatnam - Total [(A+B) or (C+D)],District - Vishakapatnam - Public [A],District - Vishakapatnam - Private [B],District - Vishakapatnam - Urban [C],District - Vishakapatnam - Rural [D],District - Vizianagaram - Total [(A+B) or (C+D)],District - Vizianagaram - Public [A],District - Vizianagaram - Private [B],District - Vizianagaram - Urban [C],District - Vizianagaram - Rural [D],District - West Godavari - Total [(A+B) or (C+D)],District - West Godavari - Public [A],District - West Godavari - Private [B],District - West Godavari - Urban [C],District - West Godavari - Rural [D]
M1 [Ante Natal Care (ANC)],'1.1',Total number of pregnant women registered for ANC,TOTAL,468862,468862,0,103748,365114,41674,41674,NA,9845,31829,41324,41324,0,7754,33570,30878,30878,0,6142,24736,44840,44840,0,7979,36861,44359,44359,NA,18352,26007,40175,40175,0,11185,28990,45941,45941,0,9017,36924,27069,27069,NA,6481,20588,31775,31775,0,4172,27603,25277,25277,0,2807,22470,44216,44216,0,11703,32513,22331,22331,NA,3626,18705,29003,29003,0,4685,24318
M1 [Ante Natal Care (ANC)],'1.1.1',"Out of the total ANC registered, number registered within 1st trimester (within 12 weeks)",TOTAL,381255,381255,0,67897,313358,34349,34349,NA,7406,26943,36303,36303,0,5769,30534,26157,26157,0,4147,22010,39198,39198,0,5663,33535,34829,34829,NA,12515,22314,32470,32470,0,7103,25367,35742,35742,0,4421,31321,22640,22640,NA,3661,18979,24368,24368,0,2945,21423,19344,19344,0,1749,17595,28845,28845,0,5582,23263,20596,20596,NA,3547,17049,26414,26414,0,3389,23025
M1 [Ante Natal Care (ANC)],'1.2.1',Number of PW given TT1,TOTAL,419462,419462,0,80539,338923,38125,38125,NA,8149,29976,40148,40148,0,5839,34309,28132,28132,0,5669,22463,43816,43816,0,7514,36302,45337,45337,NA,15316,30021,39433,39433,0,10684,28749,31147,31147,0,5234,25913,25888,25888,NA,4573,21315,28134,28134,0,2984,25150,22584,22584,0,2167,20417,27036,27036,0,4729,22307,21931,21931,NA,3604,18327,27751,27751,0,4077,23674
M1 [Ante Natal Care (ANC)],'1.2.2',Number of PW given TT2,TOTAL,431219,416159,15060,90804,340415,39059,39059,NA,7575,31484,39797,39597,200,5116,34681,29241,27828,1413,6857,22384,44499,44499,0,7257,37242,42650,42650,NA,15192,27458,40077,40077,0,10422,29655,32191,28396,3795,7783,24408,25710,25710,0,4119,21591,31406,29682,1724,4664,26742,24229,22779,1450,3535,20694,32483,26634,5849,10467,22016,22155,21526,629,4104,18051,27722,27722,0,3713,24009
M1 [Ante Natal Care (ANC)],'1.2.3',Number of PW given TT Booster,TOTAL,42046,34124,7922,17021,25025,2762,2762,NA,1119,1643,2017,1817,200,657,1360,1265,565,700,817,448,823,823,0,267,556,1577,1577,NA,1178,399,1036,1036,0,638,398,13644,12142,1502,3629,10015,1294,1294,0,819,475,1971,1171,800,1483,488,2041,691,1350,1482,559,11911,9100,2811,4010,7901,867,308,559,656,211,838,838,0,266,572
M1 [Ante Natal Care (ANC)],'1.2.4',Number of PW given 180 Iron Folic Acid (IFA) tablets,TOTAL,480256,472008,8248,97302,382954,42860,42860,NA,8480,34380,41820,41820,0,6106,35714,30987,30987,0,5768,25219,45682,45682,0,6757,38925,45926,45926,NA,15741,30185,40457,39847,610,10534,29923,48053,48053,0,9998,38055,28366,28366,NA,4503,23863,32193,31480,713,4182,28011,25801,23564,2237,4862,20939,43932,43455,477,11072,32860,22844,22181,663,3012,19832,31335,27787,3548,6287,25048
M1 [Ante Natal Care (ANC)],'1.2.5',Number of PW given 360 Calcium tablets,TOTAL,369781,366603,3178,79957,289824,41143,41143,NA,8399,32744,40255,40255,0,5930,34325,22898,22898,0,5034,17864,33849,33849,0,6120,27729,41784,41784,NA,11404,30380,31551,31551,0,8999,22552,35306,35306,0,8784,26522,26432,26432,NA,4394,22038,24247,22368,1879,4299,19948,18099,18099,0,2012,16087,36918,35619,1299,10837,26081,14488,14488,NA,2121,12367,2811,2811,0,1624,1187
M1 [Ante Natal Care (ANC)],'1.2.6',Number of PW given one Albendazole tablet after 1st trimester,TOTAL,185785,185574,211,30067,155718,18914,18914,NA,2902,16012,24621,24621,0,4833,19788,3487,3487,0,1560,1927,13812,13812,0,1744,12068,18887,18887,NA,5520,13367,20538,20538,0,4717,15821,7241,7241,0,549,6692,23772,23772,NA,2121,21651,19144,18933,211,2705,16439,9121,9121,0,47,9074,15288,15288,0,1193,14095,7337,7337,NA,1099,6238,3623,3623,0,1077,2546
M1 [Ante Natal Care (ANC)],'1.2.7',Number of PW received 4 or more ANC check ups,TOTAL,479597,464823,14774,86731,392866,42543,41236,1307,8227,34316,37414,37414,0,4643,32771,32926,29926,3000,8865,24061,45660,45660,0,4912,40748,45311,44971,340,13260,32051,41477,41331,146,8959,32518,47525,47525,0,5243,42282,29810,29810,NA,6124,23686,34248,32265,1983,6059,28189,24910,20676,4234,6217,18693,42480,38716,3764,9005,33475,23311,23311,NA,2592,20719,31982,31982,0,2625,29357
M1 [Ante Natal Care (ANC)],'1.2.8',Number of PW given ANC Corticosteroids in Pre Term Labour,TOTAL,7221,7201,20,1849,5372,907,907,NA,133,774,1107,1107,0,167,940,116,116,0,17,99,582,582,0,35,547,977,977,NA,543,434,756,756,0,317,439,228,228,0,84,144,757,757,NA,218,539,397,377,20,71,326,59,59,0,19,40,261,261,0,12,249,473,473,NA,24,449,601,601,0,209,392
M1 [Ante Natal Care (ANC)],'1.3.1',New cases of PW with hypertension detected,TOTAL,8639,8594,45,2562,6077,1017,1017,NA,134,883,1384,1384,0,249,1135,105,105,0,48,57,315,315,0,92,223,1055,1055,NA,408,647,1050,1050,0,222,828,977,977,0,421,556,586,586,NA,132,454,405,360,45,222,183,51,51,0,0,51,774,774,0,114,660,338,338,NA,3,335,582,582,0,517,65
M1 [Ante Natal Care (ANC)],'1.3.1.a',"Out of the new cases of PW with hypertension detected, cases managed at institution",TOTAL,6029,6029,0,1446,4583,735,735,NA,85,650,1081,1081,0,90,991,46,46,0,9,37,278,278,0,87,191,602,602,NA,274,328,927,927,0,149,778,716,716,0,327,389,518,518,NA,66,452,358,358,0,155,203,43,43,0,0,43,540,540,0,60,480,20,20,NA,7,13,165,165,0,137,28
M1 [Ante Natal Care (ANC)],'1.3.2',Number of Eclampsia cases managed during delivery,TOTAL,1080,1080,0,219,861,77,77,NA,6,71,174,174,0,0,174,0,0,0,0,0,71,71,0,4,67,71,71,NA,49,22,86,86,0,35,51,275,275,0,55,220,47,47,NA,5,42,38,38,0,1,37,13,13,0,1,12,135,135,0,61,74,84,84,NA,0,84,9,9,0,2,7
M1 [Ante Natal Care (ANC)],'1.4.1',Number of PW tested for Haemoglobin (Hb ) 4 or more than 4 times for respective ANCs,TOTAL,453690,451310,2380,48575,405115,44184,44184,NA,6568,37616,37351,37351,0,3693,33658,26209,26209,0,2442,23767,50898,50898,0,6223,44675,41351,41351,NA,7228,34123,39872,39872,0,3882,35990,54081,54081,0,4023,50058,27585,27585,NA,1498,26087,25822,23839,1983,2802,23020,21599,21520,79,1577,20022,36214,35896,318,4096,32118,17262,17262,NA,2272,14990,31262,31262,0,2271,28991
M1 [Ante Natal Care (ANC)],'1.4.2',Number of PW having Hb level<11 (tested cases)(7.1 to 10.9),TOTAL,292125,291280,845,21872,270253,20383,20383,NA,970,19413,30207,30207,0,4596,25611,23509,23509,0,1449,22060,33711,33711,0,542,33169,30016,29776,240,2700,27316,11780,11780,0,1041,10739,26182,26182,0,1694,24488,14857,14857,NA,822,14035,19317,18717,600,1094,18223,17391,17391,0,1240,16151,32358,32353,5,4525,27833,13183,13183,NA,0,13183,19231,19231,0,1199,18032
M1 [Ante Natal Care (ANC)],'1.4.3',Number of PW having Hb level<7 (tested cases),TOTAL,6651,6593,58,1244,5407,598,598,NA,93,505,126,126,0,56,70,619,619,0,100,519,446,446,0,68,378,793,781,12,163,630,892,892,0,112,780,1708,1708,0,480,1228,286,286,NA,40,246,537,491,46,67,470,5,5,0,1,4,444,444,0,36,408,94,94,NA,1,93,103,103,0,27,76
M1 [Ante Natal Care (ANC)],'1.4.4',Number of PW having severe anaemia (Hb<7) treated,TOTAL,6758,6712,46,1807,4951,2369,2369,NA,228,2141,57,57,0,52,5,166,166,0,29,137,152,152,0,13,139,213,213,NA,65,148,689,689,0,36,653,2339,2339,0,1276,1063,88,88,NA,4,84,347,301,46,65,282,5,5,0,1,4,181,181,0,3,178,94,94,NA,11,83,58,58,0,24,34
M1 [Ante Natal Care (ANC)],'1.5.1',Number of PW tested for blood sugar using OGTT (Oral Glucose Tolerance Test),TOTAL,16762,16762,0,1433,15329,3288,3288,NA,98,3190,793,793,0,246,547,593,593,0,0,593,1605,1605,0,402,1203,1014,1014,NA,2,1012,1478,1478,0,215,1263,3337,3337,0,81,3256,611,611,NA,45,566,185,185,0,9,176,25,25,0,0,25,1833,1833,0,1,1832,368,368,NA,54,314,1632,1632,0,280,1352
M1 [Ante Natal Care (ANC)],'1.5.2',Number of PW tested positive for GDM,TOTAL,659,659,0,23,636,31,31,NA,0,31,95,95,0,3,92,310,310,0,2,308,28,28,0,2,26,15,15,NA,5,10,113,113,0,6,107,6,6,0,3,3,15,15,NA,0,15,3,3,0,0,3,1,1,0,0,1,20,20,0,1,19,1,1,NA,0,1,21,21,0,1,20
M1 [Ante Natal Care (ANC)],'1.5.3',Number of PW given insulin out of total tested positive for GDM,TOTAL,209,209,0,15,194,7,7,NA,6,1,90,90,0,3,87,2,2,0,2,0,3,3,0,0,3,1,1,NA,1,0,89,89,0,3,86,2,2,0,0,2,11,11,NA,0,11,2,2,0,0,2,0,0,0,0,0,2,2,0,0,2,0,0,NA,0,0,0,0,0,0,0
M1 [Ante Natal Care (ANC)],'1.6.1.a',Number of PW tested using POC test for Syphilis,TOTAL,2890,2890,NA,0,2890,330,330,NA,NA,330,170,170,NA,NA,170,403,403,NA,NA,403,46,46,NA,NA,46,54,54,NA,0,54,62,62,NA,NA,62,189,189,NA,NA,189,19,19,NA,NA,19,305,305,NA,NA,305,218,218,NA,0,218,329,329,NA,0,329,730,730,NA,NA,730,35,35,NA,NA,35
M1 [Ante Natal Care (ANC)],'1.6.1.b',"Out of above, number of PW found sero positive for syphilis",TOTAL,81,81,NA,0,81,18,18,NA,NA,18,38,38,NA,NA,38,6,6,NA,NA,6,0,0,NA,NA,0,0,0,NA,0,0,0,0,NA,NA,0,0,0,NA,NA,0,13,13,NA,NA,13,2,2,NA,NA,2,0,0,NA,0,0,1,1,NA,0,1,0,0,NA,NA,0,3,3,NA,NA,3
M1 [Ante Natal Care (ANC)],'1.6.2.a',Number of pregnant women tested for Syphilis,TOTAL,257863,253813,4050,67565,190298,39269,36829,2440,9412,29857,25833,25833,0,5675,20158,4086,4068,18,715,3371,31874,31874,0,8894,22980,15752,15752,NA,4519,11233,14879,14879,0,1373,13506,22288,22288,0,5874,16414,11094,11094,NA,4318,6776,16170,14578,1592,10027,6143,13587,13587,0,3142,10445,17890,17890,0,4680,13210,19399,19399,NA,3883,15516,25742,25742,0,5053,20689
M1 [Ante Natal Care (ANC)],'1.6.2.b',Number of pregnant women tested found sero positive for Syphilis,TOTAL,303,303,0,134,169,233,233,NA,132,101,16,16,0,0,16,15,15,0,0,15,2,2,0,2,0,8,8,NA,0,8,3,3,0,0,3,0,0,0,0,0,0,0,NA,0,0,1,1,0,0,1,6,6,0,0,6,2,2,0,0,2,0,0,NA,0,0,17,17,0,0,17
M1 [Ante Natal Care (ANC)],'1.6.2.c',Number of syphilis positive pregnant women treated for Syphilis,TOTAL,38,38,0,1,37,1,1,NA,0,1,5,5,0,0,5,0,0,0,0,0,1,1,0,1,0,8,8,NA,0,8,2,2,0,0,2,0,0,0,0,0,0,0,NA,0,0,19,19,0,0,19,0,0,0,0,0,2,2,0,0,2,0,0,NA,0,0,0,0,0,0,0
M1 [Ante Natal Care (ANC)],'1.6.2.d',Number of babies diagnosed with Congenital Syphilis,TOTAL,0,0,0,0,0,0,0,NA,0,0,0,0,0,0,0,0,0,0,0,0,0,0,0,0,0,0,0,NA,0,0,0,0,0,0,0,0,0,0,0,0,0,0,NA,0,0,0,0,0,0,0,0,0,0,0,0,0,0,0,0,0,0,0,NA,0,0,0,0,0,0,0
M1 [Ante Natal Care (ANC)],'1.6.2.e',Number of babies treated for congenital Syphilis,TOTAL,0,0,0,0,0,0,0,NA,0,0,0,0,0,0,0,0,0,0,0,0,0,0,0,0,0,0,0,NA,0,0,0,0,0,0,0,0,0,0,0,0,0,0,NA,0,0,0,0,0,0,0,0,0,0,0,0,0,0,0,0,0,0,0,NA,0,0,0,0,0,0,0
M2 [Deliveries],'2.1.1.a',Number of Home Deliveries attended by Skill Birth Attendant(SBA) (Doctor/Nurse/ANM),TOTAL,1113,1113,NA,10,1103,49,49,NA,2,47,10,10,NA,5,5,33,33,NA,0,33,7,7,NA,0,7,12,12,NA,0,12,1,1,NA,0,1,91,91,NA,0,91,15,15,NA,0,15,3,3,NA,0,3,1,1,NA,0,1,876,876,NA,0,876,12,12,NA,0,12,3,3,NA,3,0
M2 [Deliveries],'2.1.1.b',Number of Home Deliveries attended by Non SBA (Trained Birth Attendant(TBA) /Relatives/etc.),TOTAL,552,552,NA,0,552,43,43,NA,0,43,3,3,NA,0,3,10,10,NA,0,10,2,2,NA,0,2,14,14,NA,0,14,0,0,NA,0,0,104,104,NA,0,104,9,9,NA,0,9,0,0,NA,0,0,1,1,NA,0,1,366,366,NA,0,366,0,0,NA,0,0,0,0,NA,0,0
M2 [Deliveries],'2.1.2',Number of PW given Tablet Misoprostol during home delivery,TOTAL,70,70,NA,0,70,12,12,NA,0,12,0,0,NA,0,0,1,1,NA,0,1,0,0,NA,0,0,5,5,NA,0,5,0,0,NA,0,0,0,0,NA,0,0,0,0,NA,0,0,0,0,NA,0,0,0,0,NA,0,0,22,22,NA,0,22,30,30,NA,0,30,0,0,NA,0,0
M2 [Deliveries],'2.1.3',Number of newborns received 7 Home Based Newborn Care (HBNC) visits in case of Home delivery,TOTAL,1202,1202,NA,17,1185,156,156,NA,5,151,23,23,NA,0,23,9,9,NA,0,9,9,9,NA,0,9,21,21,NA,9,12,0,0,NA,0,0,180,180,NA,0,180,14,14,NA,0,14,0,0,NA,0,0,2,2,NA,0,2,773,773,NA,0,773,12,12,NA,0,12,3,3,NA,3,0
M2 [Deliveries],'2.2',Number of Institutional Deliveries conducted (Including C-Sections),TOTAL,448376,189956,258420,288194,160182,43477,14930,28547,32521,10956,39372,20383,18989,3160,36212,29046,10591,18455,20935,8111,42069,21327,20742,25542,16527,44802,13994,30808,35065,9737,37103,11502,25601,28011,9092,46871,23893,22978,30207,16664,25549,7683,17866,20134,5415,29049,9079,19970,22839,6210,23330,8702,14628,16342,6988,39023,22655,16368,20334,18689,17992,11829,6163,8922,9070,30693,13388,17305,24182,6511
M2 [Deliveries],'2.2.1',Out of total institutional deliveries number of women discharged within 48 hours of delivery,TOTAL,45904,30986,14918,14559,31345,3343,3343,NA,1276,2067,7462,1699,5763,3,7459,1232,1122,110,451,781,5427,5427,0,54,5373,3690,3690,NA,243,3447,1145,1145,0,8,1137,14329,8517,5812,8384,5945,1014,1014,NA,227,787,371,371,0,5,366,5315,2082,3233,3853,1462,1536,1536,0,0,1536,1039,1039,NA,54,985,1,1,0,1,0
M2 [Deliveries],'2.2.2',Number of newborns received 6 HBNC  visits after Institutional Delivery,TOTAL,241963,241896,67,17356,224607,23837,23837,NA,2238,21599,14457,14457,0,1633,12824,12241,12174,67,419,11822,25607,25607,0,986,24621,21597,21597,NA,2056,19541,24658,24658,0,1634,23024,21974,21974,0,228,21746,20879,20879,NA,1279,19600,17846,17846,0,555,17291,10564,10564,0,952,9612,8682,8682,0,1364,7318,11003,11003,NA,122,10881,28618,28618,0,3890,24728
M3 [Number of Caesarean (C-Section) deliveries],'3.1',Total C -Section deliveries performed,TOTAL,159065,59465,99600,109091,49974,12270,3394,8876,9562,2708,12670,5099,7571,551,12119,11024,3196,7828,8355,2669,21454,6667,14787,16720,4734,5412,5412,NA,1279,4133,19533,5648,13885,15141,4392,9867,5414,4453,6017,3850,6143,3176,2967,4071,2072,12771,3099,9672,10684,2087,13694,3698,9996,10605,3089,11193,5251,5942,7044,4149,5386,3287,2099,3219,2167,17648,6124,11524,15843,1805
M3 [Number of Caesarean (C-Section) deliveries],'3.1.1',"C-sections, performed at night (8 PM- 8 AM)",TOTAL,27428,10712,16716,18627,8801,5151,739,4412,4585,566,1171,1171,0,74,1097,1027,1027,0,81,946,1213,1213,0,113,1100,756,756,NA,89,667,840,727,113,159,681,1063,1020,43,98,965,514,514,NA,69,445,4263,656,3607,3831,432,6218,474,5744,5802,416,2620,984,1636,1664,956,528,528,NA,267,261,2064,903,1161,1795,269
M4 [Pregnancy outcome & details of new-born],'4.1.1.a',Live Birth - Male,TOTAL,231646,99514,132132,147741,83905,22497,8090,14407,16505,5992,20218,10529,9689,1641,18577,15118,5548,9570,10913,4205,21637,10964,10673,13082,8555,22661,7256,15405,17596,5065,18941,5865,13076,14282,4659,24227,12493,11734,15571,8656,13219,4057,9162,10367,2852,15042,4675,10367,11865,3177,12139,4613,7526,8430,3709,21053,12583,8470,10509,10544,9238,6019,3219,4639,4599,15656,6822,8834,12341,3315
M4 [Pregnancy outcome & details of new-born],'4.1.1.b',Live Birth - Female,TOTAL,218613,92673,125940,140289,78324,21165,7232,13933,15803,5362,18983,9718,9265,1505,17478,14009,5146,8863,10025,3984,20536,10331,10205,12591,7945,22098,6695,15403,17473,4625,18113,5661,12452,13674,4439,22521,11447,11074,14523,7998,12440,3734,8706,9776,2664,13896,4357,9539,10888,3008,11616,4427,7189,8053,3563,19439,11516,7923,9823,9616,8695,5763,2932,4270,4425,15102,6646,8456,11885,3217
M4 [Pregnancy outcome & details of new-born],'4.1.2',Number of Pre term newborns ( < 37 weeks of pregnancy),TOTAL,7207,6841,366,1489,5718,681,412,269,322,359,706,706,0,74,632,570,570,0,55,515,680,680,0,53,627,580,580,NA,81,499,927,927,0,197,730,670,670,0,140,530,278,278,0,161,117,390,385,5,48,342,433,341,92,117,316,465,465,0,15,450,517,517,NA,121,396,310,310,0,105,205
M4 [Pregnancy outcome & details of new-born],'4.1.3',Still Birth,TOTAL,4654,2744,1910,2277,2377,605,290,315,351,254,286,286,0,18,268,408,159,249,279,129,446,352,94,110,336,354,172,182,202,152,294,165,129,139,155,600,335,265,344,256,225,77,148,168,57,322,131,191,214,108,157,74,83,92,65,543,461,82,121,422,176,134,42,64,112,238,108,130,175,63
M4 [Pregnancy outcome & details of new-born],'4.2',Abortion (spontaneous),TOTAL,4621,4598,23,314,4307,382,382,0,32,350,755,755,0,44,711,382,382,0,4,378,287,287,0,24,263,349,349,NA,18,331,315,315,0,20,295,436,436,0,59,377,263,263,NA,16,247,112,89,23,43,69,238,238,0,0,238,494,494,0,8,486,279,279,NA,19,260,329,329,0,27,302
M4 [Pregnancy outcome & details of new-born],'4.3.1.a',MTP up to 12 weeks of pregnancy,TOTAL,1196,1019,177,558,638,140,140,NA,36,104,66,66,0,17,49,41,41,0,39,2,67,67,0,8,59,233,79,154,181,52,76,76,0,24,52,84,84,0,58,26,156,156,NA,57,99,63,40,23,41,22,40,40,0,0,40,188,188,0,67,121,17,17,NA,13,4,25,25,0,17,8
M4 [Pregnancy outcome & details of new-born],'4.3.1.b',MTP more than 12 weeks of pregnancy,TOTAL,527,451,76,183,344,145,145,NA,33,112,15,15,0,4,11,11,11,0,10,1,5,5,0,0,5,109,33,76,80,29,26,26,0,10,16,69,69,0,8,61,30,30,NA,14,16,26,26,0,8,18,23,23,0,0,23,51,51,0,2,49,1,1,NA,0,1,16,16,0,14,2
M4 [Pregnancy outcome & details of new-born],'4.3.2.a',Post Abortion/ MTP Complications Identified,TOTAL,31,31,0,11,20,0,0,NA,0,0,19,19,0,6,13,0,0,0,0,0,0,0,0,0,0,0,0,NA,0,0,2,2,0,1,1,0,0,0,0,0,3,3,NA,0,3,3,3,0,0,3,0,0,0,0,0,0,0,0,0,0,2,2,NA,2,0,2,2,0,2,0
M4 [Pregnancy outcome & details of new-born],'4.3.2.b',Post Abortion/ MTP Complications Treated,TOTAL,27,27,0,7,20,0,0,NA,0,0,15,15,0,6,9,0,0,0,0,0,0,0,0,0,0,4,4,NA,0,4,1,1,0,0,1,0,0,0,0,0,3,3,NA,0,3,3,3,0,0,3,0,0,0,0,0,0,0,0,0,0,0,0,NA,0,0,1,1,0,1,0
M4 [Pregnancy outcome & details of new-born],'4.3.3',Number of women provided with post abortion/ MTP contraception,TOTAL,178,178,0,3,175,77,77,NA,0,77,19,19,0,0,19,0,0,0,0,0,0,0,0,0,0,0,0,NA,0,0,78,78,0,3,75,0,0,0,0,0,0,0,NA,0,0,0,0,0,0,0,0,0,0,0,0,4,4,0,0,4,0,0,NA,0,0,0,0,0,0,0
M4 [Pregnancy outcome & details of new-born],'4.4.1',Number of newborns weighed at birth,TOTAL,444997,189781,255216,284786,160211,41281,14946,26335,30285,10996,39217,20265,18952,3192,36025,29001,10565,18436,20922,8079,41903,21025,20878,25559,16344,44500,13950,30550,34815,9685,36546,11363,25183,27549,8997,46696,23877,22819,30113,16583,25227,7504,17723,20002,5225,28863,8958,19905,22781,6082,23009,8420,14589,16070,6939,40066,23673,16393,20353,19713,17933,11782,6151,8909,9024,30755,13453,17302,24236,6519
M4 [Pregnancy outcome & details of new-born],'4.4.2',Number of newborns having weight less than 2.5 kg,TOTAL,21182,18153,3029,6525,14657,3227,1897,1330,1719,1508,2379,2379,0,263,2116,1449,1278,171,554,895,2039,1740,299,633,1406,957,957,NA,173,784,941,929,12,208,733,2436,2106,330,804,1632,1558,1314,244,517,1041,1219,1027,192,460,759,545,509,36,113,432,2656,2594,62,228,2428,1012,944,68,302,710,764,479,285,551,213
M4 [Pregnancy outcome & details of new-born],'4.4.3',Number of Newborns breast fed within 1 hour of birth ,TOTAL,440063,187923,252140,282371,157692,41431,15096,26335,30330,11101,39600,20648,18952,3856,35744,28310,10597,17713,20142,8168,40542,20103,20439,25300,15242,43477,12927,30550,34763,8714,36296,11113,25183,27641,8655,46584,23814,22770,30020,16564,25126,7754,17372,19646,5480,28853,8995,19858,22696,6157,22240,7907,14333,15877,6363,39652,23922,15730,19689,19963,17909,11773,6136,8886,9023,30043,13274,16769,23525,6518
M5 [Complicated Pregnancies],'5.1',"Number of cases of pregnant women with Obstetric Complications attended (Antepartum haemorrhage (APH), Post-Partum Hemorrhage (PPH), Sepsis, Eclampsia and others)",TOTAL,24022,22990,1032,4359,19663,1459,503,956,1005,454,3148,3148,0,426,2722,80,80,0,11,69,3516,3516,0,535,2981,129,129,NA,52,77,263,263,0,139,124,6547,6519,28,1551,4996,506,506,NA,48,458,955,907,48,229,726,685,685,0,79,606,3287,3287,0,218,3069,2550,2550,NA,21,2529,897,897,0,45,852
M5 [Complicated Pregnancies],'5.2',Number of Complicated pregnancies treated with Blood Transfusion,TOTAL,14139,13467,672,5600,8539,1586,961,625,1041,545,1330,1330,0,255,1075,341,341,0,175,166,951,951,0,337,614,2447,2447,NA,1731,716,88,88,0,76,12,2466,2460,6,872,1594,1109,1109,NA,197,912,914,873,41,207,707,406,406,0,11,395,452,452,0,236,216,1372,1372,NA,315,1057,677,677,0,147,530
M6 [Post Natal Care (PNC)],'6.1',Women receiving 1st post partum checkup within 48 hours of home delivery,TOTAL,1804,1804,0,61,1743,107,107,NA,5,102,13,13,0,5,8,0,0,0,0,0,9,9,0,0,9,28,28,NA,0,28,0,0,0,0,0,192,192,0,0,192,18,18,NA,0,18,5,5,0,0,5,2,2,0,0,2,1415,1415,0,48,1367,12,12,NA,0,12,3,3,0,3,0
M6 [Post Natal Care (PNC)],'6.2',Women receiving 1st post partum checkup between 48 hours and 14 days,TOTAL,346934,300701,46233,75070,271864,25060,25060,NA,3186,21874,25709,15668,10041,2788,22921,20101,20101,0,1995,18106,59286,38084,21202,24955,34331,35615,35615,NA,9569,26046,9831,9831,0,2129,7702,32223,29616,2607,5047,27176,23226,23226,NA,2539,20687,29525,21456,8069,9563,19962,22171,17857,4314,6248,15923,16543,16543,0,2312,14231,18664,18664,NA,1838,16826,28980,28980,0,2901,26079
M6 [Post Natal Care (PNC)],'6.3',Number of mothers provided full course of 180 IFA tablets after delivery,TOTAL,205440,196502,8938,33240,172200,24612,24612,NA,3702,20910,13516,13516,0,2129,11387,10688,10688,0,2124,8564,20337,20337,0,1011,19326,16024,16024,NA,4782,11242,26449,17600,8849,11106,15343,21363,21363,0,3517,17846,21177,21177,NA,1716,19461,13601,13512,89,1494,12107,10041,10041,0,71,9970,17705,17705,0,531,17174,7815,7815,NA,877,6938,2112,2112,0,180,1932
M6 [Post Natal Care (PNC)],'6.4',Number of mothers provided 360 Calcium tablets after delivery,TOTAL,172251,163313,8938,30576,141675,23121,23121,NA,3576,19545,12397,12397,0,1876,10521,8288,8288,0,1979,6309,12007,12007,0,631,11376,12906,12906,NA,3293,9613,25202,16353,8849,10995,14207,16364,16364,0,3519,12845,21053,21053,NA,1690,19363,9715,9626,89,1448,8267,8865,8865,0,59,8806,15521,15521,0,476,15045,5988,5988,NA,856,5132,824,824,0,178,646
M7 [Reproductive Tract Infections/Sexually Transmitted Infections (RTI/STI) Cases],'7.1.1',New RTI/STI cases identified - Male,TOTAL,49159,49159,0,14185,34974,3655,3655,NA,865,2790,5097,5097,0,1260,3837,2764,2764,0,972,1792,4199,4199,0,1359,2840,4337,4337,NA,2723,1614,3359,3359,0,1309,2050,3988,3988,0,468,3520,5306,5306,NA,1308,3998,2545,2545,0,81,2464,2092,2092,0,591,1501,3794,3794,0,257,3537,4718,4718,NA,1085,3633,3305,3305,0,1907,1398
M7 [Reproductive Tract Infections/Sexually Transmitted Infections (RTI/STI) Cases],'7.1.2',New RTI/STI cases identified - Female,TOTAL,90156,90156,0,30663,59493,7604,7604,NA,1920,5684,8297,8297,0,2479,5818,4219,4219,0,1195,3024,9924,9924,0,4009,5915,8623,8623,NA,4968,3655,6444,6444,0,2935,3509,6046,6046,0,1525,4521,9374,9374,NA,3134,6240,6018,6018,0,2198,3820,2751,2751,0,793,1958,7782,7782,0,1306,6476,7178,7178,NA,1292,5886,5896,5896,0,2909,2987
M7 [Reproductive Tract Infections/Sexually Transmitted Infections (RTI/STI) Cases],'7.2.1',RTI/STI for which treatment initiated - Male,TOTAL,45272,45272,0,12764,32508,3424,3424,NA,852,2572,4816,4816,0,1238,3578,2476,2476,0,791,1685,3853,3853,0,1354,2499,4113,4113,NA,2666,1447,3125,3125,0,1181,1944,3831,3831,0,421,3410,4836,4836,NA,1081,3755,2262,2262,0,56,2206,1714,1714,0,591,1123,3769,3769,0,259,3510,4088,4088,NA,619,3469,2965,2965,0,1655,1310
M7 [Reproductive Tract Infections/Sexually Transmitted Infections (RTI/STI) Cases],'7.2.2',RTI/STI for which treatment initiated -Female,TOTAL,85296,85296,0,29015,56281,7162,7162,NA,1918,5244,7857,7857,0,2464,5393,4192,4192,0,1284,2908,9500,9500,0,3958,5542,8359,8359,NA,4945,3414,6072,6072,0,2712,3360,5825,5825,0,1483,4342,8698,8698,NA,2638,6060,5705,5705,0,2180,3525,2381,2381,0,813,1568,7625,7625,0,1261,6364,6583,6583,NA,917,5666,5337,5337,0,2442,2895
M8 [Family Planning],'8.1.1',Number of Non Scalpel Vasectomy (NSV) / Conventional Vasectomy conducted,TOTAL,664,612,52,205,459,4,4,NA,4,0,2,2,0,0,2,2,2,0,1,1,207,187,20,68,139,22,22,NA,4,18,62,55,7,23,39,0,0,0,0,0,4,4,NA,0,4,0,0,0,0,0,84,83,1,3,81,137,132,5,52,85,64,60,4,5,59,76,61,15,45,31
M8 [Family Planning],'8.2.1',Number of Laparoscopic sterilizations (excluding post abortion) conducted,TOTAL,6730,3292,3438,4583,2147,692,320,372,692,0,256,210,46,50,206,3687,667,3020,3687,0,0,0,0,0,0,270,270,NA,25,245,59,59,0,36,23,678,678,0,0,678,790,790,NA,0,790,44,44,0,0,44,97,97,0,83,14,157,157,0,10,147,0,0,0,0,0,0,0,0,0,0
M8 [Family Planning],'8.2.2',Number of Interval Mini-lap (other than post-partum and post abortion) sterilizations conducted,TOTAL,55882,36316,19566,31092,24790,2567,2567,NA,1504,1063,6424,2958,3466,1151,5273,1432,1432,0,1409,23,6376,3839,2537,3923,2453,5273,3324,1949,2665,2608,3102,2989,113,1682,1420,4430,2175,2255,3707,723,4198,1571,2627,2627,1571,4694,2247,2447,3292,1402,2477,2222,255,578,1899,3091,2955,136,1012,2079,3368,2717,651,1496,1872,8450,5320,3130,6046,2404
M8 [Family Planning],'8.2.3',Number of Postpartum sterilizations (within 7 days of delivery by minilap or concurrent with caesarean section) conducted,TOTAL,42037,29237,12800,23244,18793,1500,1500,NA,587,913,5002,4545,457,787,4215,1605,1605,0,777,828,5615,3993,1622,2868,2747,7790,2553,5237,5705,2085,4677,2721,1956,2398,2279,4533,4533,0,3187,1346,1240,1240,NA,706,534,3939,1652,2287,2860,1079,600,352,248,333,267,3196,2203,993,1645,1551,1194,1194,NA,470,724,1146,1146,0,921,225
M8 [Family Planning],'8.2.4',Number of Post Abortion sterilizations (within 7 days of spontaneous or surgical abortion) conducted,TOTAL,409,409,0,151,258,4,4,NA,4,0,79,79,0,33,46,0,0,0,0,0,3,3,0,0,3,9,9,NA,0,9,131,131,0,112,19,5,5,0,0,5,4,4,NA,0,4,2,2,0,0,2,0,0,0,0,0,148,148,0,2,146,0,0,NA,0,0,24,24,0,0,24
M8 [Family Planning],'8.3',Number of Interval IUCD Insertions (excluding PPIUCD and PAIUCD),TOTAL,52845,26454,26391,25236,27609,7160,1896,5264,5584,1576,5003,1264,3739,405,4598,1779,766,1013,1295,484,3955,2959,996,1149,2806,9643,2569,7074,7264,2379,4104,4104,0,367,3737,2935,635,2300,2331,604,858,135,723,728,130,3002,78,2924,2931,71,3260,3260,0,196,3064,1655,1655,0,158,1497,2707,2330,377,406,2301,6784,4803,1981,2422,4362
M8 [Family Planning],'8.4',Number of Postpartum (within 48 hours of delivery) IUCD insertions,TOTAL,8053,2725,5328,5659,2394,528,528,NA,80,448,464,464,0,47,417,1343,304,1039,1064,279,43,43,0,10,33,158,158,NA,19,139,341,341,0,67,274,7,7,0,0,7,4307,18,4289,4289,18,2,2,0,1,1,23,23,0,9,14,604,604,0,69,535,145,145,NA,2,143,88,88,0,2,86
M8 [Family Planning],'8.5',Number of Post Abortion (within 12 days of spontaneous or surgical abortion) IUCD insertions,TOTAL,838,351,487,583,255,26,26,NA,26,0,7,7,0,4,3,487,0,487,487,0,15,15,0,9,6,79,79,NA,0,79,15,15,0,0,15,10,10,0,1,9,34,34,0,0,34,0,0,0,0,0,7,7,0,6,1,66,66,0,49,17,57,57,NA,1,56,35,35,0,0,35
M8 [Family Planning],'8.6',Number of IUCD Removals,TOTAL,4588,4588,0,708,3880,412,412,NA,86,326,373,373,0,56,317,191,191,0,76,115,361,361,0,38,323,481,481,NA,100,381,427,427,0,52,375,108,108,0,2,106,43,43,NA,3,40,22,22,0,10,12,566,566,0,111,455,623,623,0,136,487,639,639,NA,38,601,342,342,0,0,342
M8 [Family Planning],'8.7',Number of complications following IUCD Insertion,TOTAL,924,924,0,161,763,128,128,NA,18,110,78,78,0,1,77,17,17,0,1,16,2,2,0,0,2,209,209,NA,64,145,204,204,0,6,198,0,0,0,0,0,10,10,NA,0,10,0,0,0,0,0,9,9,0,0,9,66,66,0,0,66,201,201,NA,71,130,0,0,0,0,0
M8 [Family Planning],'8.8',Injectable Contraceptive-Antara Program- First Dose,TOTAL,305,305,0,0,305,201,201,NA,0,201,46,46,0,0,46,0,0,0,0,0,14,14,0,0,14,6,6,NA,0,6,26,26,0,0,26,11,11,0,0,11,0,0,NA,0,0,0,0,0,0,0,0,0,0,0,0,1,1,0,0,1,0,0,NA,0,0,0,0,0,0,0
M8 [Family Planning],'8.9',Injectable Contraceptive-Antara Program- Second Dose,TOTAL,288,288,0,0,288,280,280,NA,0,280,1,1,0,0,1,0,0,0,0,0,0,0,0,0,0,0,0,NA,0,0,3,3,0,0,3,4,4,0,0,4,0,0,NA,0,0,0,0,0,0,0,0,0,0,0,0,0,0,0,0,0,0,0,NA,0,0,0,0,0,0,0
M8 [Family Planning],'8.10',Injectable Contraceptive-Antara Program- Third Dose,TOTAL,43,43,0,0,43,17,17,NA,0,17,6,6,0,0,6,14,14,0,0,14,0,0,0,0,0,5,5,NA,0,5,1,1,0,0,1,0,0,0,0,0,0,0,NA,0,0,0,0,0,0,0,0,0,0,0,0,0,0,0,0,0,0,0,NA,0,0,0,0,0,0,0
M8 [Family Planning],'8.11',Injectable Contraceptive-Antara Program- Fourth or more than fourth,TOTAL,1241,1241,0,28,1213,223,223,NA,28,195,419,419,0,0,419,96,96,0,0,96,0,0,0,0,0,0,0,NA,0,0,42,42,0,0,42,0,0,0,0,0,309,309,NA,0,309,56,56,0,0,56,0,0,0,0,0,96,96,0,0,96,0,0,NA,0,0,0,0,0,0,0
M8 [Family Planning],'8.12',Number of Combined Oral Pill cycles distributed,TOTAL,1391755,1391067,688,88234,1303521,63188,63188,NA,6301,56887,132420,132420,0,4673,127747,44435,44435,0,4374,40061,80575,80575,0,4852,75723,179252,179252,NA,30398,148854,106953,106953,0,3686,103267,75879,75879,0,410,75469,155792,155792,NA,169,155623,141352,140664,688,7609,133743,108224,108224,0,4269,103955,82542,82542,0,3488,79054,96374,96374,NA,11138,85236,124769,124769,0,6867,117902
M8 [Family Planning],'8.13',Number of Condom pieces distributed,TOTAL,13770648,13768910,1738,724979,13045669,629048,629048,NA,58380,570668,996786,996786,0,17000,979786,465230,465230,0,40904,424326,621074,621074,0,21951,599123,2891808,2891808,NA,328387,2563421,1265466,1265466,0,63008,1202458,811329,811329,0,3493,807836,1872909,1872909,NA,2044,1870865,1324665,1322927,1738,32246,1292419,579716,579716,0,16222,563494,555882,555882,0,35968,519914,817929,817929,NA,78400,739529,938806,938806,0,26976,911830
M8 [Family Planning],'8.14',Number of Centchroman (weekly) pill strips distributed,TOTAL,60188,60188,0,13591,46597,4144,4144,NA,0,4144,5438,5438,0,0,5438,6971,6971,0,4994,1977,2622,2622,0,0,2622,4227,4227,NA,0,4227,4806,4806,0,2946,1860,5965,5965,0,0,5965,13105,13105,NA,0,13105,1999,1999,0,0,1999,1225,1225,0,270,955,6247,6247,0,5381,866,3439,3439,NA,0,3439,0,0,0,0,0
M8 [Family Planning],'8.15',Number of Emergency Contraceptive Pills (ECP) given,TOTAL,9834,9834,0,352,9482,750,750,NA,0,750,2162,2162,0,2,2160,525,525,0,95,430,1119,1119,0,0,1119,243,243,NA,2,241,1737,1737,0,18,1719,1633,1633,0,0,1633,91,91,NA,0,91,115,115,0,0,115,357,357,0,0,357,159,159,0,57,102,819,819,NA,178,641,124,124,0,0,124
M8 [Family Planning],'8.16',Number of Pregnancy Test Kits (PTK) used,TOTAL,342789,342789,0,46739,296050,19667,19667,NA,5549,14118,35972,35972,0,4106,31866,24249,24249,0,5624,18625,27873,27873,0,1873,26000,34081,34081,NA,5637,28444,33954,33954,0,3002,30952,28147,28147,0,3595,24552,24048,24048,NA,1848,22200,17083,17083,0,2559,14524,18172,18172,0,1728,16444,30309,30309,0,4936,25373,19972,19972,NA,2290,17682,29262,29262,0,3992,25270
M8 [Family Planning],'8.17.1',Complications following male sterilization,TOTAL,0,0,0,0,0,0,0,NA,0,0,0,0,0,0,0,0,0,0,0,0,0,0,0,0,0,0,0,NA,0,0,0,0,0,0,0,0,0,0,0,0,0,0,NA,0,0,0,0,0,0,0,0,0,0,0,0,0,0,0,0,0,0,0,NA,0,0,0,0,0,0,0
M8 [Family Planning],'8.17.2',Complications following female sterilization,TOTAL,0,0,0,0,0,0,0,NA,0,0,0,0,0,0,0,0,0,0,0,0,0,0,0,0,0,0,0,NA,0,0,0,0,0,0,0,0,0,0,0,0,0,0,NA,0,0,0,0,0,0,0,0,0,0,0,0,0,0,0,0,0,0,0,NA,0,0,0,0,0,0,0
M8 [Family Planning],'8.17.3',Failures following male sterilization,TOTAL,0,0,0,0,0,0,0,NA,0,0,0,0,0,0,0,0,0,0,0,0,0,0,0,0,0,0,0,NA,0,0,0,0,0,0,0,0,0,0,0,0,0,0,NA,0,0,0,0,0,0,0,0,0,0,0,0,0,0,0,0,0,0,0,NA,0,0,0,0,0,0,0
M8 [Family Planning],'8.17.4',Failures following female sterilization,TOTAL,0,0,0,0,0,0,0,NA,0,0,0,0,0,0,0,0,0,0,0,0,0,0,0,0,0,0,0,NA,0,0,0,0,0,0,0,0,0,0,0,0,0,0,NA,0,0,0,0,0,0,0,0,0,0,0,0,0,0,0,0,0,0,0,NA,0,0,0,0,0,0,0
M8 [Family Planning],'8.17.5',Deaths following male sterilization,TOTAL,0,0,0,0,0,0,0,NA,0,0,0,0,0,0,0,0,0,0,0,0,0,0,0,0,0,0,0,NA,0,0,0,0,0,0,0,0,0,0,0,0,0,0,NA,0,0,0,0,0,0,0,0,0,0,0,0,0,0,0,0,0,0,0,NA,0,0,0,0,0,0,0
M8 [Family Planning],'8.17.6',Deaths following female sterilization,TOTAL,0,0,0,0,0,0,0,NA,0,0,0,0,0,0,0,0,0,0,0,0,0,0,0,0,0,0,0,NA,0,0,0,0,0,0,0,0,0,0,0,0,0,0,NA,0,0,0,0,0,0,0,0,0,0,0,0,0,0,0,0,0,0,0,NA,0,0,0,0,0,0,0
M9 [CHILD IMMUNISATION],'9.1.1',Child immunisation - Vitamin K1 (Birth Dose),TOTAL,356084,185403,170681,213006,143078,32989,18403,14586,22920,10069,33448,19572,13876,3142,30306,25052,12040,13012,16616,8436,30390,21343,9047,14337,16053,23928,8772,15156,19882,4046,36831,13594,23237,27547,9284,39347,23698,15649,22814,16533,21877,7805,14072,17125,4752,26665,8337,18328,21109,5556,6049,6049,0,1212,4837,37352,21691,15661,19395,17957,17280,11561,5719,8498,8782,24876,12538,12338,18409,6467
M9 [CHILD IMMUNISATION],'9.1.2',Child immunisation - BCG,TOTAL,456051,352358,103693,180700,275351,47377,28048,19329,30379,16998,33785,19909,13876,2982,30803,29810,28710,1100,8210,21600,41832,41832,0,8580,33252,44444,35286,9158,23399,21045,36678,30178,6500,15119,21559,49680,39509,10171,20294,29386,27382,10435,16947,20745,6637,28954,23576,5378,9935,19019,24870,24870,0,3661,21209,43112,30330,12782,17405,25707,16773,13689,3084,6788,9985,31354,25986,5368,13203,18151
M9 [CHILD IMMUNISATION],'9.1.3',Child immunisation - DPT1,TOTAL,195,195,0,5,190,163,163,NA,0,163,0,0,0,0,0,32,32,0,5,27,0,0,0,0,0,0,0,NA,0,0,0,0,0,0,0,0,0,0,0,0,0,0,NA,0,0,0,0,0,0,0,0,0,0,0,0,0,0,0,0,0,0,0,NA,0,0,0,0,0,0,0
M9 [CHILD IMMUNISATION],'9.1.4',Child immunisation - DPT2,TOTAL,51,51,0,2,49,32,32,NA,0,32,0,0,0,0,0,19,19,0,2,17,0,0,0,0,0,0,0,NA,0,0,0,0,0,0,0,0,0,0,0,0,0,0,NA,0,0,0,0,0,0,0,0,0,0,0,0,0,0,0,0,0,0,0,NA,0,0,0,0,0,0,0
M9 [CHILD IMMUNISATION],'9.1.5',Child immunisation - DPT3,TOTAL,69,69,0,4,65,42,42,NA,0,42,0,0,0,0,0,18,18,0,4,14,0,0,0,0,0,9,9,NA,0,9,0,0,0,0,0,0,0,0,0,0,0,0,NA,0,0,0,0,0,0,0,0,0,0,0,0,0,0,0,0,0,0,0,NA,0,0,0,0,0,0,0
M9 [CHILD IMMUNISATION],'9.1.6',Child immunisation - Pentavalent 1,TOTAL,485173,458454,26719,115435,369738,56128,41264,14864,23941,32187,39581,39581,0,6162,33419,30160,30160,0,5791,24369,44374,44374,0,7108,37266,44391,44391,NA,15568,28823,47181,44685,2496,15617,31564,48653,43643,5010,10502,38151,26560,26280,280,5154,21406,32841,32547,294,3852,28989,23968,23968,0,2972,20996,39381,35606,3775,10262,29119,20763,20763,NA,3661,17102,31192,31192,0,4845,26347
M9 [CHILD IMMUNISATION],'9.1.7',Child immunisation - Pentavalent 2,TOTAL,477306,452244,25062,111450,365856,55764,40908,14856,23692,32072,39563,39563,0,5913,33650,29494,29494,0,5581,23913,43699,43699,0,6813,36886,42857,42857,NA,15137,27720,46264,44124,2140,15190,31074,46591,42323,4268,9461,37130,26105,25838,267,5044,21061,31503,31260,243,3660,27843,24346,24346,0,2701,21645,39200,35912,3288,10078,29122,21003,21003,NA,3518,17485,30917,30917,0,4662,26255
M9 [CHILD IMMUNISATION],'9.1.8',Child immunisation - Pentavalent 3,TOTAL,501719,467324,34395,124653,377066,58121,43265,14856,23820,34301,40805,40805,0,7208,33597,30154,30154,0,5716,24438,46585,46112,473,8799,37786,46855,43924,2931,18183,28672,47524,44961,2563,15819,31705,43437,42931,506,5513,37924,27396,26253,1143,5927,21469,32534,32261,273,3757,28777,25467,25467,0,2954,22513,49766,38116,11650,18723,31043,21392,21392,NA,3515,17877,31683,31683,0,4719,26964
M9 [CHILD IMMUNISATION],'9.1.9',Child immunisation - OPV 0 (Birth Dose),TOTAL,449341,281018,168323,241130,208211,42620,22791,19829,30095,12525,34092,20216,13876,3142,30950,27184,19290,7894,14226,12958,45970,32960,13010,23551,22419,44725,30548,14177,26811,17914,36606,25075,11531,19850,16756,44554,31294,13260,22104,22450,25890,8421,17469,20217,5673,28933,17262,11671,15396,13537,24158,19599,4559,8786,15372,43901,25103,18798,22864,21037,19319,13168,6151,10007,9312,31389,15291,16098,24081,7308
M9 [CHILD IMMUNISATION],'9.1.10',Child immunisation - OPV1,TOTAL,468805,458549,10256,99374,369431,41754,41754,NA,9327,32427,39580,39580,0,6163,33417,30177,30177,0,5794,24383,44200,44200,0,7022,37178,44081,44081,NA,15480,28601,47085,44789,2296,15430,31655,47215,43615,3600,9113,38102,26541,26261,280,5174,21367,32522,32228,294,3760,28762,24061,24061,0,2968,21093,39232,35446,3786,10192,29040,20724,20724,NA,3665,17059,31633,31633,0,5286,26347
M9 [CHILD IMMUNISATION],'9.1.11',Child immunisation - OPV2,TOTAL,460728,452119,8609,94787,365941,41487,41487,NA,8948,32539,39530,39530,0,5891,33639,29504,29504,0,5602,23902,43514,43514,0,6744,36770,42719,42719,NA,15063,27656,46626,44092,2534,15566,31060,44627,42353,2274,7472,37155,26052,25785,267,5056,20996,31264,31021,243,3574,27690,24361,24361,0,2701,21660,39110,35819,3291,10010,29100,20978,20978,NA,3503,17475,30956,30956,0,4657,26299
M9 [CHILD IMMUNISATION],'9.1.12',Child immunisation - OPV3,TOTAL,492337,467285,25052,116005,376332,43292,43292,NA,9123,34169,40844,40844,0,7318,33526,30076,30074,2,5724,24352,46604,46604,0,8936,37668,46766,43840,2926,18152,28614,50254,44866,5388,18578,31676,45282,42786,2496,7490,37792,27011,26219,792,5585,21426,32437,32164,273,3678,28759,25573,25573,0,3004,22569,51128,37953,13175,20175,30953,21380,21380,NA,3517,17863,31690,31690,0,4725,26965
M9 [CHILD IMMUNISATION],'9.1.13',Child immunisation - Hepatitis-B0 (Birth Dose),TOTAL,430125,218262,211863,266302,163823,39716,19887,19829,28167,11549,33914,20038,13876,3137,30777,26595,12606,13989,18094,8501,45039,24161,20878,27472,17567,41484,17926,23558,31457,10027,36465,22228,14237,21787,14678,39285,23884,15401,22491,16794,24403,7189,17214,19390,5013,27412,8700,18712,22046,5366,22523,10908,11615,14699,7824,43790,23557,20233,23979,19811,19072,12921,6151,10006,9066,30427,14257,16170,23577,6850
M9 [CHILD IMMUNISATION],'9.1.14',Child immunisation - Hepatitis-B1,TOTAL,660,660,0,10,650,11,11,NA,0,11,0,0,0,0,0,347,347,0,10,337,0,0,0,0,0,0,0,NA,0,0,0,0,0,0,0,0,0,0,0,0,2,2,NA,0,2,0,0,0,0,0,0,0,0,0,0,300,300,0,0,300,0,0,NA,0,0,0,0,0,0,0
M9 [CHILD IMMUNISATION],'9.1.15',Child immunisation - Hepatitis-B2,TOTAL,682,682,0,0,682,8,8,NA,0,8,0,0,0,0,0,360,360,0,0,360,0,0,0,0,0,0,0,NA,0,0,0,0,0,0,0,0,0,0,0,0,0,0,NA,0,0,0,0,0,0,0,0,0,0,0,0,314,314,0,0,314,0,0,NA,0,0,0,0,0,0,0
M9 [CHILD IMMUNISATION],'9.1.16',Child immunisation - Hepatitis-B3,TOTAL,757,757,0,33,724,7,7,NA,0,7,0,0,0,0,0,371,371,0,0,371,0,0,0,0,0,6,6,NA,0,6,0,0,0,0,0,0,0,0,0,0,2,2,NA,0,2,0,0,0,0,0,0,0,0,0,0,371,371,0,33,338,0,0,NA,0,0,0,0,0,0,0
M9 [CHILD IMMUNISATION],'9.1.17',Child immunisation - Inactivated Polio Vaccine 1 (IPV 1),TOTAL,459303,452752,6551,95947,363356,39948,39948,NA,9585,30363,39641,39641,0,6178,33463,30669,30669,0,5858,24811,43542,43542,0,7121,36421,44008,44008,NA,15120,28888,47053,44619,2434,15690,31363,42571,42571,0,6145,36426,26262,26228,34,4907,21355,31559,31333,226,3793,27766,23004,23004,0,2778,20226,38987,35130,3857,10289,28698,20905,20905,NA,3665,17240,31154,31154,0,4818,26336
M9 [CHILD IMMUNISATION],'9.1.18',Child immunisation - Inactivated Polio Vaccine 2 (IPV 2),TOTAL,463520,457420,6100,94951,368569,40591,40591,NA,9217,31374,40798,40798,0,7260,33538,29938,29938,0,5637,24301,44427,44427,0,7363,37064,43647,43647,NA,14861,28786,46650,44507,2143,15317,31333,41039,41039,0,4905,36134,26297,26261,36,4861,21436,31128,30903,225,3676,27452,24644,24644,0,2823,21821,41354,37658,3696,10758,30596,21377,21377,NA,3539,17838,31630,31630,0,4734,26896
M9 [CHILD IMMUNISATION],'9.1.19',Child immunisation - Rotavirus 1,TOTAL,464525,457913,6612,95522,369003,41306,41306,NA,9415,31891,39495,39495,0,6137,33358,30465,30465,0,5758,24707,43446,43446,0,7130,36316,44330,44330,NA,15498,28832,47192,44776,2416,15589,31603,43262,43262,0,5494,37768,26460,26247,213,5074,21386,33583,33352,231,3778,29805,24032,24032,0,2926,21106,39082,35330,3752,10218,28864,20868,20868,NA,3665,17203,31004,31004,0,4840,26164
M9 [CHILD IMMUNISATION],'9.1.20',Child immunisation - Rotavirus 2,TOTAL,455197,449209,5988,92488,362709,40780,40780,NA,9054,31726,39554,39554,0,5873,33681,29621,29621,0,5566,24055,42529,42529,0,6821,35708,42865,42865,NA,15133,27732,46209,43966,2243,15247,30962,41595,41595,0,5180,36415,25996,25792,204,4997,20999,30932,30692,240,3631,27301,24401,24401,0,2666,21735,39083,35782,3301,10096,28987,20971,20971,NA,3564,17407,30661,30661,0,4660,26001
M9 [CHILD IMMUNISATION],'9.1.21',Child immunisation - Rotavirus 3,TOTAL,474846,462397,12449,102118,372728,42331,42331,NA,9056,33275,40817,40817,0,7231,33586,29907,29907,0,5566,24341,44135,44135,0,7403,36732,44092,44092,NA,15242,28850,47255,44819,2436,15619,31636,42200,42200,0,5124,37076,26775,26195,580,5347,21428,31943,31719,224,4068,27875,25618,25618,0,2921,22697,47101,37892,9209,16312,30789,21281,21281,NA,3492,17789,31391,31391,0,4737,26654
M9 [CHILD IMMUNISATION],'9.2.1',Child immunisation (9-11months) - Measles & Rubella (MR)- 1st Dose,TOTAL,518596,470192,48404,139835,378761,66326,41480,24846,33929,32397,40855,40855,0,6928,33927,30843,29765,1078,6689,24154,48059,48059,0,9500,38559,51229,44555,6674,21595,29634,46467,46467,0,12955,33512,46612,42462,4150,9101,37511,27228,26586,642,6144,21084,33312,33190,122,3332,29980,23779,23779,0,2783,20996,49064,38172,10892,18665,30399,20937,20937,NA,3208,17729,33885,33885,0,5006,28879
M9 [CHILD IMMUNISATION],'9.2.2',Child immunisation (9-11months) - Measles 1st dose,TOTAL,9197,8427,770,3852,5345,1321,1321,NA,607,714,11,11,0,0,11,685,685,0,0,685,1407,1407,0,0,1407,1359,1359,NA,1071,288,0,0,0,0,0,2378,1608,770,2009,369,22,22,0,0,22,32,32,0,16,16,0,0,0,0,0,1193,1193,0,149,1044,789,789,NA,0,789,0,0,0,0,0
M9 [CHILD IMMUNISATION],'9.2.3',Child immunisation (9-11months) - JE 1st dose,TOTAL,161168,157724,3444,34495,126673,80,80,NA,40,40,41005,41005,0,7183,33822,38,38,0,0,38,878,878,0,0,878,344,344,NA,338,6,46253,46253,0,12841,33412,44891,42089,2802,7959,36932,27199,26557,642,6134,21065,2,2,0,0,2,0,0,0,0,0,29,29,0,0,29,0,0,NA,0,0,449,449,0,0,449
M9 [CHILD IMMUNISATION],'9.2.4.a',Children aged between 9 and 11 months fully immunized- Male,TOTAL,268504,243422,25082,71571,196933,33979,21556,12423,16877,17102,21379,21379,0,3556,17823,15953,15401,552,3341,12612,24782,24782,0,4808,19974,26495,22845,3650,10997,15498,23531,23531,0,6424,17107,24476,22052,2424,5418,19058,14231,13873,358,3163,11068,17735,17668,67,2074,15661,12259,12259,0,1391,10868,25186,19578,5608,9373,15813,11315,11315,NA,1637,9678,17183,17183,0,2512,14671
M9 [CHILD IMMUNISATION],'9.2.4.b',Children aged between 9 and 11 months fully immunized - Female,TOTAL,247411,224886,22525,67161,180250,31710,19287,12423,16753,14957,19373,19373,0,3324,16049,14652,14125,527,3260,11392,22961,22961,0,4441,18520,24450,21426,3024,10266,14184,22405,22405,0,6260,16145,20688,19802,886,3720,16968,12845,12569,276,2973,9872,16001,15946,55,1699,14302,11292,11292,0,1344,9948,23951,18617,5334,9118,14833,10397,10397,NA,1569,8828,16686,16686,0,2434,14252
M9 [CHILD IMMUNISATION],'9.3.1',Child immunisation - Measles & Rubella (MR)- 1st Dose,TOTAL,25264,25264,0,11715,13549,2945,2945,NA,1828,1117,2520,2520,0,880,1640,1501,1501,0,692,809,3271,3271,0,1069,2202,3465,3465,NA,2718,747,1398,1398,0,1168,230,3485,3485,0,1972,1513,886,886,0,454,432,253,253,0,0,253,946,946,0,198,748,2744,2744,0,414,2330,1840,1840,NA,312,1528,10,10,0,10,0
M9 [CHILD IMMUNISATION],'9.3.2',Child immunisation - Measles-1st dose,TOTAL,3214,3214,0,1410,1804,844,844,NA,517,327,53,53,0,0,53,115,115,0,12,103,439,439,0,0,439,85,85,NA,59,26,0,0,0,0,0,916,916,0,820,96,7,7,0,2,5,1,1,0,0,1,0,0,0,0,0,589,589,0,0,589,165,165,NA,0,165,0,0,0,0,0
M9 [CHILD IMMUNISATION],'9.3.3',Child immunisation - JE 1st dose,TOTAL,9779,9779,0,5306,4473,13,13,NA,0,13,4153,4153,0,2225,1928,9,9,0,0,9,197,197,0,0,197,0,0,NA,0,0,1375,1375,0,1118,257,3068,3068,0,1507,1561,945,945,0,456,489,0,0,0,0,0,0,0,0,0,0,19,19,0,0,19,0,0,NA,0,0,0,0,0,0,0
M9 [CHILD IMMUNISATION],'9.4.1',Child immunisation - Measles & Rubella (MR)- 2nd Dose (16-24 months),TOTAL,418748,414176,4572,81858,336890,35219,35219,NA,6706,28513,37508,37508,0,6128,31380,27577,27396,181,5251,22326,40211,40211,0,6311,33900,38971,38971,NA,13757,25214,42160,40685,1475,11843,30317,38743,38743,0,4258,34485,23024,23024,0,4194,18830,28968,28888,80,3222,25746,20481,20481,0,2553,17928,37302,34466,2836,9901,27401,18526,18526,NA,3192,15334,30058,30058,0,4542,25516
M9 [CHILD IMMUNISATION],'9.4.2',Child immunisation - Measles 2nd dose (More than 16 months),TOTAL,12935,12935,0,5581,7354,3415,3415,NA,2450,965,0,0,0,0,0,630,630,0,0,630,1611,1611,0,0,1611,1856,1856,NA,1102,754,0,0,0,0,0,2202,2202,0,1289,913,140,140,NA,36,104,25,25,0,0,25,0,0,0,0,0,1577,1577,0,311,1266,1479,1479,NA,393,1086,0,0,0,0,0
M9 [CHILD IMMUNISATION],'9.4.3',Child immunisation - DPT 1st Booster,TOTAL,428414,423853,4561,84749,343665,38233,38233,NA,8198,30035,38182,38182,0,6257,31925,28208,28027,181,5439,22769,41572,41572,0,6394,35178,39881,39881,NA,14281,25600,41713,40238,1475,11797,29916,38430,38430,0,4508,33922,23176,23176,NA,4303,18873,30005,29936,69,3513,26492,21972,21972,0,2561,19411,38148,35312,2836,9919,28229,19256,19256,NA,3057,16199,29638,29638,0,4522,25116
M9 [CHILD IMMUNISATION],'9.4.4',Child immunisation - OPV Booster,TOTAL,439834,425427,14407,94893,344941,48012,38166,9846,18014,29998,37734,37734,0,5960,31774,28081,27900,181,5439,22642,42004,42004,0,6525,35479,40004,40004,NA,14424,25580,42312,40837,1475,11862,30450,38525,38525,0,4557,33968,23218,23218,NA,4303,18915,30041,29972,69,3509,26532,22025,22025,0,2542,19483,38013,35177,2836,9773,28240,19249,19249,NA,3059,16190,30616,30616,0,4926,25690
M9 [CHILD IMMUNISATION],'9.4.5',"Child immunisation - Measles, Mumps, Rubella (MMR) Vaccine",TOTAL,2815,2815,0,1256,1559,683,683,NA,390,293,327,327,0,0,327,189,189,0,2,187,524,524,0,0,524,247,247,NA,188,59,0,0,0,0,0,602,602,0,602,0,1,1,NA,0,1,3,3,0,0,3,47,47,0,4,43,192,192,0,70,122,0,0,NA,0,0,0,0,0,0,0
M9 [CHILD IMMUNISATION],'9.4.6',Number of children more than 16 months of age who received Japanese Encephalitis (JE) vaccine,TOTAL,127317,125842,1475,18723,108594,0,0,NA,0,0,30158,30158,0,3536,26622,7,7,0,0,7,513,513,0,0,513,0,0,NA,0,0,38740,37265,1475,8857,29883,34959,34959,0,2616,32343,22490,22490,NA,3714,18776,0,0,0,0,0,0,0,0,0,0,8,8,0,0,8,0,0,NA,0,0,442,442,0,0,442
M9 [CHILD IMMUNISATION],'9.5.1',Child immunisation - Typhoid,TOTAL,679,679,0,166,513,247,247,NA,119,128,165,165,0,17,148,43,43,0,30,13,0,0,0,0,0,70,70,NA,0,70,0,0,0,0,0,0,0,0,0,0,72,72,NA,0,72,0,0,0,0,0,4,4,0,0,4,78,78,0,0,78,0,0,NA,0,0,0,0,0,0,0
M9 [CHILD IMMUNISATION],'9.5.2',Children more than 5 years received DPT5 (2nd Booster),TOTAL,471180,434298,36882,112351,358829,58941,44372,14569,22648,36293,38471,38471,0,6617,31854,25564,23960,1604,6237,19327,42955,42955,0,7755,35200,45508,38488,7020,20669,24839,42288,42288,0,10540,31748,31874,31874,0,3113,28761,25435,25077,358,3642,21793,31707,31695,12,3080,28627,25875,25875,0,2397,23478,50310,36991,13319,18401,31909,20256,20256,NA,3371,16885,31996,31996,0,3881,28115
M9 [CHILD IMMUNISATION],'9.5.3',Children more than 10 years received TT10,TOTAL,390521,384569,5952,63801,326720,41530,41530,NA,7377,34153,34606,34606,0,4354,30252,19219,18161,1058,4810,14409,37053,37053,0,5365,31688,43400,43400,NA,11816,31584,36375,36375,0,6238,30137,21200,21200,0,2540,18660,21541,21479,62,2423,19118,25928,25832,96,2793,23135,19054,19054,0,1718,17336,38618,33882,4736,8098,30520,20894,20894,NA,2773,18121,31103,31103,0,3496,27607
M9 [CHILD IMMUNISATION],'9.5.4',Children more than 16 years received TT16,TOTAL,361008,354788,6220,59866,301142,40362,40362,NA,8269,32093,33179,33179,0,4202,28977,17581,16820,761,4395,13186,33634,33634,0,4968,28666,33100,33100,NA,10256,22844,34647,34647,0,5494,29153,17578,17578,0,2302,15276,21632,21473,159,2265,19367,23956,23900,56,2676,21280,18884,18884,0,1942,16942,36762,31518,5244,6918,29844,19696,19696,NA,2682,17014,29997,29997,0,3497,26500
M9 [CHILD IMMUNISATION],'9.6.1',Number of cases of AEFI - Abscess,TOTAL,68,68,0,26,42,14,14,NA,13,1,2,2,0,0,2,15,15,0,10,5,0,0,0,0,0,7,7,NA,0,7,2,2,0,0,2,0,0,0,0,0,28,28,NA,3,25,0,0,0,0,0,0,0,0,0,0,0,0,0,0,0,0,0,NA,0,0,0,0,0,0,0
M9 [CHILD IMMUNISATION],'9.6.2',Number of cases of AEFI - Death,TOTAL,0,0,0,0,0,0,0,NA,0,0,0,0,0,0,0,0,0,0,0,0,0,0,0,0,0,0,0,NA,0,0,0,0,0,0,0,0,0,0,0,0,0,0,NA,0,0,0,0,0,0,0,0,0,0,0,0,0,0,0,0,0,0,0,NA,0,0,0,0,0,0,0
M9 [CHILD IMMUNISATION],'9.6.3',Number of cases of AEFI - Others,TOTAL,442,442,0,70,372,150,150,NA,54,96,19,19,0,10,9,39,39,0,0,39,0,0,0,0,0,32,32,NA,0,32,3,3,0,0,3,158,158,0,2,156,24,24,NA,0,24,0,0,0,0,0,0,0,0,0,0,15,15,0,4,11,0,0,NA,0,0,2,2,0,0,2
M9 [CHILD IMMUNISATION],'9.7.1',Immunisation sessions planned,TOTAL,354764,354764,0,36632,318132,34878,34878,NA,4186,30692,36997,36997,0,1489,35508,20736,20736,0,1821,18915,28343,28343,0,1656,26687,43063,43063,NA,4950,38113,23777,23777,0,6704,17073,29535,29535,0,1617,27918,23801,23801,NA,1937,21864,29186,29186,0,826,28360,19433,19433,0,1893,17540,26794,26794,0,5684,21110,20037,20037,NA,1754,18283,18184,18184,0,2115,16069
M9 [CHILD IMMUNISATION],'9.7.2',Immunisation sessions held,TOTAL,352657,352657,0,36189,316468,34621,34621,NA,4080,30541,36899,36899,0,1439,35460,20739,20739,0,1837,18902,28317,28317,0,1668,26649,42590,42590,NA,4889,37701,23709,23709,0,6647,17062,28620,28620,0,1588,27032,23834,23834,NA,1867,21967,29161,29161,0,834,28327,19419,19419,0,1897,17522,26587,26587,0,5653,20934,19977,19977,NA,1675,18302,18184,18184,0,2115,16069
M9 [CHILD IMMUNISATION],'9.7.3',Number of Immunisation sessions where ASHAs were present,TOTAL,323120,323120,0,26746,296374,33224,33224,NA,3702,29522,30930,30930,0,1271,29659,15634,15634,0,1426,14208,27137,27137,0,1283,25854,39517,39517,NA,3975,35542,21815,21815,0,5035,16780,25483,25483,0,244,25239,22555,22555,NA,1127,21428,27986,27986,0,489,27497,18754,18754,0,1634,17120,24435,24435,0,4444,19991,18441,18441,NA,945,17496,17209,17209,0,1171,16038
M9 [CHILD IMMUNISATION],'9.8.1',Child immunisation - Vitamin A Dose - 1,TOTAL,406183,381825,24358,96873,309310,49647,40158,9489,18274,31373,34364,34364,0,7450,26914,21342,21342,0,3725,17617,44624,44624,0,8203,36421,41447,41447,NA,13156,28291,24655,24655,0,4664,19991,38712,38712,0,3264,35448,18109,17628,481,5167,12942,17823,17805,18,1513,16310,21218,21218,0,2685,18533,50220,35850,14370,21971,28249,20272,20272,NA,3009,17263,23750,23750,0,3792,19958
M9 [CHILD IMMUNISATION],'9.8.2',Child immunisation - Vitamin A Dose - 5,TOTAL,218608,208340,10268,52268,166340,41915,33459,8456,16347,25568,14055,14055,0,3537,10518,1804,1804,0,1216,588,29793,29793,0,3340,26453,19589,19589,NA,9784,9805,15497,15497,0,3106,12391,23542,23542,0,2053,21489,14038,13945,93,2340,11698,4573,4569,4,646,3927,6441,6441,0,725,5716,22595,20880,1715,4426,18169,11486,11486,NA,2664,8822,13280,13280,0,2084,11196
M9 [CHILD IMMUNISATION],'9.8.3',Child immunisation - Vitamin A Dose - 9,TOTAL,268313,257942,10371,55381,212932,45952,37496,8456,16659,29293,16891,16891,0,3340,13551,2393,2393,0,986,1407,34492,34492,0,3463,31029,32628,32628,NA,10239,22389,18699,18699,0,3593,15106,24732,24732,0,1888,22844,14495,14465,30,1762,12733,6548,6536,12,612,5936,7731,7731,0,1708,6023,32486,30613,1873,5964,26522,11789,11789,NA,2791,8998,19477,19477,0,2376,17101
M9 [CHILD IMMUNISATION],'9.9',Number of children (6-59 months) provided 8-10 doses (1ml) of IFA syrup (Bi weekly),TOTAL,404046,369787,34259,45159,358887,49900,15641,34259,35648,14252,7886,7886,0,166,7720,17546,17546,0,7985,9561,24813,24813,0,175,24638,52746,52746,NA,50,52696,5878,5878,0,410,5468,41309,41309,0,132,41177,138973,138973,NA,16,138957,444,444,0,10,434,16260,16260,0,0,16260,4637,4637,0,77,4560,17631,17631,NA,0,17631,26023,26023,0,490,25533
M9 [CHILD IMMUNISATION],'9.10',Number of children (12-59 months) provided Albendazole,TOTAL,293411,293411,0,14044,279367,32464,32464,NA,604,31860,14096,14096,0,296,13800,39204,39204,0,30,39174,33773,33773,0,576,33197,37176,37176,NA,215,36961,33870,33870,0,10603,23267,16718,16718,0,412,16306,13709,13709,NA,459,13250,15322,15322,0,537,14785,11655,11655,0,0,11655,14947,14947,0,191,14756,29932,29932,NA,38,29894,545,545,0,83,462
M9 [CHILD IMMUNISATION],'9.11',Number of severely underweight children provided Health Checkup (0-5 yrs),TOTAL,9012,9012,0,530,8482,771,771,NA,21,750,413,413,0,93,320,14,14,0,0,14,692,692,0,0,692,4372,4372,NA,16,4356,317,317,0,311,6,506,506,0,10,496,33,33,NA,0,33,53,53,0,38,15,548,548,0,0,548,575,575,0,0,575,674,674,NA,0,674,44,44,0,41,3
M10 [Number of cases of Childhood Diseases (0-5 years)],'10.1',Childhood Diseases - Pneumonia,TOTAL,6560,6537,23,2170,4390,372,372,NA,1,371,628,628,0,38,590,107,107,0,87,20,288,288,0,3,285,306,306,NA,6,300,590,590,0,3,587,1841,1841,0,976,865,1099,1099,NA,445,654,487,464,23,322,165,35,35,0,1,34,483,483,0,11,472,31,31,NA,2,29,293,293,0,275,18
M10 [Number of cases of Childhood Diseases (0-5 years)],'10.2',Childhood Diseases - Asthma,TOTAL,6137,6135,2,2308,3829,206,206,NA,53,153,292,292,0,45,247,30,30,0,15,15,252,252,0,10,242,402,402,NA,45,357,557,557,0,13,544,1822,1822,0,1521,301,874,874,NA,51,823,277,275,2,177,100,149,149,0,121,28,698,698,0,0,698,371,371,NA,83,288,207,207,0,174,33
M10 [Number of cases of Childhood Diseases (0-5 years)],'10.3',Childhood Diseases - Sepsis,TOTAL,2406,2406,0,601,1805,59,59,NA,0,59,202,202,0,17,185,164,164,0,3,161,63,63,0,12,51,406,406,NA,38,368,76,76,0,0,76,530,530,0,390,140,112,112,NA,9,103,56,56,0,0,56,41,41,0,0,41,552,552,0,0,552,12,12,NA,0,12,133,133,0,132,1
M10 [Number of cases of Childhood Diseases (0-5 years)],'10.4',Childhood Diseases - Diphtheria,TOTAL,2,2,0,0,2,0,0,NA,0,0,0,0,0,0,0,0,0,0,0,0,0,0,0,0,0,0,0,NA,0,0,2,2,0,0,2,0,0,0,0,0,0,0,NA,0,0,0,0,0,0,0,0,0,0,0,0,0,0,0,0,0,0,0,NA,0,0,0,0,0,0,0
M10 [Number of cases of Childhood Diseases (0-5 years)],'10.5',Childhood Diseases - Pertussis,TOTAL,0,0,0,0,0,0,0,NA,0,0,0,0,0,0,0,0,0,0,0,0,0,0,0,0,0,0,0,NA,0,0,0,0,0,0,0,0,0,0,0,0,0,0,NA,0,0,0,0,0,0,0,0,0,0,0,0,0,0,0,0,0,0,0,NA,0,0,0,0,0,0,0
M10 [Number of cases of Childhood Diseases (0-5 years)],'10.6',Childhood Diseases - Tetanus Neonatorum,TOTAL,1,1,0,0,1,0,0,NA,0,0,0,0,0,0,0,0,0,0,0,0,0,0,0,0,0,0,0,NA,0,0,0,0,0,0,0,0,0,0,0,0,1,1,NA,0,1,0,0,0,0,0,0,0,0,0,0,0,0,0,0,0,0,0,NA,0,0,0,0,0,0,0
M10 [Number of cases of Childhood Diseases (0-5 years)],'10.7',Childhood Diseases - Tuberculosis (TB),TOTAL,442,442,0,44,398,7,7,NA,2,5,27,27,0,0,27,6,6,0,0,6,19,19,0,0,19,14,14,NA,0,14,29,29,0,0,29,128,128,0,5,123,10,10,NA,0,10,0,0,0,0,0,7,7,0,0,7,129,129,0,0,129,29,29,NA,3,26,37,37,0,34,3
M10 [Number of cases of Childhood Diseases (0-5 years)],'10.8',Childhood Diseases - Acute Flaccid Paralysis(AFP),TOTAL,147,137,10,10,137,4,4,NA,0,4,73,73,0,0,73,4,4,0,0,4,1,1,0,0,1,3,3,NA,0,3,8,8,0,0,8,0,0,0,0,0,0,0,NA,0,0,0,0,0,0,0,0,0,0,0,0,31,31,0,0,31,9,9,NA,0,9,14,4,10,10,4
M10 [Number of cases of Childhood Diseases (0-5 years)],'10.9',Childhood Diseases - Measles,TOTAL,107,107,0,3,104,4,4,NA,0,4,3,3,0,0,3,0,0,0,0,0,0,0,0,0,0,0,0,NA,0,0,22,22,0,1,21,14,14,0,2,12,22,22,NA,0,22,0,0,0,0,0,2,2,0,0,2,31,31,0,0,31,9,9,NA,0,9,0,0,0,0,0
M10 [Number of cases of Childhood Diseases (0-5 years)],'10.10',Childhood Diseases - Malaria,TOTAL,670,670,0,127,543,15,15,NA,15,0,145,145,0,0,145,27,27,0,27,0,68,68,0,0,68,18,18,NA,14,4,119,119,0,6,113,41,41,0,31,10,25,25,NA,0,25,7,7,0,0,7,5,5,0,1,4,106,106,0,0,106,43,43,NA,0,43,51,51,0,33,18
M10 [Number of cases of Childhood Diseases (0-5 years)],'10.11',Childhood Diseases - Diarrhoea,TOTAL,31102,31078,24,8025,23077,3468,3468,NA,336,3132,1674,1674,0,401,1273,2008,2008,0,723,1285,401,401,0,9,392,2931,2931,NA,415,2516,1566,1566,0,50,1516,8482,8482,0,4092,4390,1557,1557,NA,168,1389,1769,1745,24,976,793,927,927,0,135,792,1956,1956,0,16,1940,3949,3949,NA,454,3495,414,414,0,250,164
M10 [Number of cases of Childhood Diseases (0-5 years)],'10.12',Childhood Diseases - Diarrhoea treated in Inpatients,TOTAL,9019,9019,0,1655,7364,2234,2234,NA,332,1902,700,700,0,262,438,589,589,0,341,248,159,159,0,7,152,1159,1159,NA,102,1057,231,231,0,5,226,2104,2104,0,216,1888,511,511,NA,23,488,378,378,0,153,225,169,169,0,92,77,251,251,0,6,245,376,376,NA,68,308,158,158,0,48,110
M10 [Number of cases of Childhood Diseases (0-5 years)],'10.13',Children admitted with upper respiratory infections,TOTAL,10395,10382,13,1695,8700,967,967,NA,116,851,782,782,0,235,547,1244,1244,0,113,1131,251,251,0,11,240,1345,1345,NA,338,1007,209,209,0,10,199,1361,1361,0,77,1284,819,819,NA,2,817,670,657,13,310,360,109,109,0,65,44,1094,1094,0,0,1094,1026,1026,NA,40,986,518,518,0,378,140
M10 [Number of cases of Childhood Diseases (0-5 years)],'10.14',Childhood Diseases - Severe Acute Malnutrition (SAM),TOTAL,1372,1372,0,98,1274,29,29,NA,19,10,126,126,0,0,126,0,0,0,0,0,116,116,0,1,115,154,154,NA,0,154,94,94,0,2,92,211,211,0,0,211,23,23,NA,0,23,17,17,0,0,17,21,21,0,0,21,306,306,0,0,306,258,258,NA,64,194,17,17,0,12,5
M11 [NVBDCP],'11.1.1.a',Total Blood Smears Examined for Malaria,TOTAL,3146197,3146197,0,172764,2973433,251609,251609,NA,20575,231034,267262,267262,0,9321,257941,218618,218618,0,15903,202715,330998,330998,0,8729,322269,271422,271422,NA,20717,250705,189668,189668,0,11015,178653,242989,242989,0,16070,226919,69977,69977,NA,1698,68279,156057,156057,0,10357,145700,260599,260599,0,9637,250962,384467,384467,0,27498,356969,228353,228353,NA,14678,213675,274178,274178,0,6566,267612
M11 [NVBDCP],'11.1.1.b',Malaria (Microscopy Tests ) - Plasmodium Vivax test positive,TOTAL,3404,3404,0,430,2974,110,110,NA,10,100,2225,2225,0,0,2225,349,349,0,297,52,100,100,0,23,77,149,149,NA,51,98,67,67,0,36,31,32,32,0,1,31,14,14,NA,0,14,14,14,0,0,14,103,103,0,3,100,95,95,0,9,86,5,5,NA,0,5,141,141,0,0,141
M11 [NVBDCP],'11.1.1.c',Malaria (Microscopy Tests ) - Plasmodium Falciparum test positive,TOTAL,1517,1517,0,33,1484,18,18,NA,14,4,161,161,0,1,160,17,17,0,4,13,322,322,0,0,322,3,3,NA,2,1,21,21,0,5,16,10,10,0,0,10,0,0,NA,0,0,9,9,0,0,9,13,13,0,0,13,757,757,0,4,753,116,116,NA,3,113,70,70,0,0,70
M11 [NVBDCP],'11.1.2.a',RDT conducted for Malaria,TOTAL,433957,433957,0,36291,397666,36584,36584,NA,4632,31952,15713,15713,0,1832,13881,22423,22423,0,5139,17284,26965,26965,0,694,26271,32221,32221,NA,3762,28459,27512,27512,0,7688,19824,11813,11813,0,1435,10378,15517,15517,NA,1900,13617,23165,23165,0,1652,21513,64909,64909,0,706,64203,66397,66397,0,818,65579,60246,60246,NA,3905,56341,30492,30492,0,2128,28364
M11 [NVBDCP],'11.1.2.b',Malaria (RDT) - Plasmodium Vivax test positive,TOTAL,1937,1937,0,437,1500,729,729,NA,8,721,286,286,0,14,272,65,65,0,15,50,24,24,0,0,24,6,6,NA,6,0,376,376,0,194,182,212,212,0,167,45,128,128,NA,30,98,21,21,0,2,19,23,23,0,0,23,51,51,0,1,50,3,3,NA,0,3,13,13,0,0,13
M11 [NVBDCP],'11.1.2.c',Malaria (RDT) - Plamodium Falciparum test positive,TOTAL,606,606,0,121,485,1,1,NA,1,0,10,10,0,10,0,5,5,0,0,5,60,60,0,0,60,3,3,NA,3,0,224,224,0,53,171,1,1,0,0,1,34,34,NA,32,2,3,3,0,1,2,42,42,0,0,42,165,165,0,0,165,43,43,NA,21,22,15,15,0,0,15
M11 [NVBDCP],'11.2.1',Kala Azar (RDT) - Tests Conducted,TOTAL,537,537,0,36,501,90,90,NA,32,58,0,0,0,0,0,30,30,0,2,28,0,0,0,0,0,57,57,NA,0,57,0,0,0,0,0,0,0,0,0,0,7,7,NA,0,7,2,2,0,2,0,61,61,0,0,61,270,270,0,0,270,20,20,NA,0,20,0,0,0,0,0
M11 [NVBDCP],'11.2.2',Kala Azar Positive Cases,TOTAL,2,2,0,2,0,0,0,NA,0,0,0,0,0,0,0,0,0,0,0,0,0,0,0,0,0,0,0,NA,0,0,0,0,0,0,0,0,0,0,0,0,0,0,NA,0,0,2,2,0,2,0,0,0,0,0,0,0,0,0,0,0,0,0,NA,0,0,0,0,0,0,0
M11 [NVBDCP],'11.2.3',Post-kala-azar dermal leishmaniasis (PKDL) cases,TOTAL,143,143,0,143,0,0,0,NA,0,0,0,0,0,0,0,143,143,0,143,0,0,0,0,0,0,0,0,NA,0,0,0,0,0,0,0,0,0,0,0,0,0,0,NA,0,0,0,0,0,0,0,0,0,0,0,0,0,0,0,0,0,0,0,NA,0,0,0,0,0,0,0
M11 [NVBDCP],'11.3.1',Dengue - RDT Test Positive,TOTAL,3065,3065,0,1230,1835,327,327,NA,260,67,308,308,0,187,121,104,104,0,97,7,384,384,0,13,371,115,115,NA,108,7,650,650,0,471,179,677,677,0,26,651,127,127,NA,27,100,22,22,0,22,0,215,215,0,0,215,117,117,0,0,117,0,0,NA,0,0,19,19,0,19,0
M11 [NVBDCP],'11.3.2',Dengue - Enzyme- Linked Immuno Sorbent Assay (ELISA) Test Positive,TOTAL,4285,4285,0,0,4285,1038,1038,NA,0,1038,198,198,0,0,198,321,321,0,0,321,1059,1059,0,0,1059,694,694,NA,0,694,139,139,0,0,139,73,73,0,0,73,67,67,NA,0,67,0,0,0,0,0,51,51,0,0,51,199,199,0,0,199,173,173,NA,0,173,273,273,0,0,273
M11 [NVBDCP],'11.4.1',Tests Conducted for JE,TOTAL,4,4,0,0,4,0,0,NA,0,0,3,3,0,0,3,0,0,0,0,0,0,0,0,0,0,0,0,NA,0,0,0,0,0,0,0,1,1,0,0,1,0,0,NA,0,0,0,0,0,0,0,0,0,0,0,0,0,0,0,0,0,0,0,NA,0,0,0,0,0,0,0
M11 [NVBDCP],'11.4.2',Tests Positive for JE,TOTAL,0,0,0,0,0,0,0,NA,0,0,0,0,0,0,0,0,0,0,0,0,0,0,0,0,0,0,0,NA,0,0,0,0,0,0,0,0,0,0,0,0,0,0,NA,0,0,0,0,0,0,0,0,0,0,0,0,0,0,0,0,0,0,0,NA,0,0,0,0,0,0,0
M12 [Adolscent Health],'12.1.1.a',Girls registered in AFHC,TOTAL,59461,59461,0,10189,49272,1568,1568,NA,1103,465,10537,10537,0,2167,8370,1656,1656,0,906,750,1909,1909,0,306,1603,1495,1495,NA,471,1024,3122,3122,0,474,2648,2122,2122,0,83,2039,8593,8593,NA,134,8459,1561,1561,0,11,1550,2798,2798,0,121,2677,9286,9286,0,3216,6070,7880,7880,NA,1016,6864,6934,6934,0,181,6753
M12 [Adolscent Health],'12.1.1.b',Boys registered in AFHC,TOTAL,48267,48267,0,8561,39706,1130,1130,NA,831,299,4368,4368,0,2032,2336,1595,1595,0,867,728,1521,1521,0,190,1331,1393,1393,NA,281,1112,3152,3152,0,474,2678,1774,1774,0,82,1692,7741,7741,NA,105,7636,1503,1503,0,18,1485,2562,2562,0,111,2451,7789,7789,0,2229,5560,7321,7321,NA,1133,6188,6418,6418,0,208,6210
M12 [Adolscent Health],'12.1.2.a',"Out of registered, Girls received clinical services",TOTAL,42993,42993,0,9811,33182,1150,1150,NA,750,400,4600,4600,0,2090,2510,1580,1580,0,905,675,1456,1456,0,181,1275,1269,1269,NA,413,856,2006,2006,0,369,1637,8494,8494,0,2081,6413,4568,4568,NA,317,4251,996,996,0,34,962,1573,1573,0,121,1452,6441,6441,0,1408,5033,5273,5273,NA,969,4304,3587,3587,0,173,3414
M12 [Adolscent Health],'12.1.2.b',"Out of registered, Boys received clinical services",TOTAL,36819,36819,0,8794,28025,796,796,NA,547,249,4215,4215,0,1953,2262,1457,1457,0,802,655,1129,1129,0,142,987,1101,1101,NA,263,838,1965,1965,0,340,1625,6545,6545,0,1990,4555,3528,3528,NA,119,3409,1012,1012,0,44,968,1463,1463,0,111,1352,5584,5584,0,1197,4387,4731,4731,NA,1078,3653,3293,3293,0,208,3085
M12 [Adolscent Health],'12.1.3.a',"Out of registered, Girls received counselling",TOTAL,48548,48548,0,7864,40684,1452,1452,NA,889,563,4306,4306,0,1694,2612,1795,1795,0,1091,704,1661,1661,0,220,1441,1408,1408,NA,418,990,2904,2904,0,328,2576,5444,5444,0,71,5373,8392,8392,NA,313,8079,1446,1446,0,34,1412,1161,1161,0,121,1040,7457,7457,0,1600,5857,7120,7120,NA,983,6137,4002,4002,0,102,3900
M12 [Adolscent Health],'12.1.3.b',"Out of registered, Boys received counselling",TOTAL,42510,42510,0,6751,35759,1133,1133,NA,804,329,3822,3822,0,1461,2361,1657,1657,0,966,691,1257,1257,0,147,1110,1287,1287,NA,266,1021,2889,2889,0,309,2580,3664,3664,0,66,3598,7368,7368,NA,121,7247,1424,1424,0,44,1380,1102,1102,0,111,991,6663,6663,0,1216,5447,6430,6430,NA,1094,5336,3814,3814,0,146,3668
"M13 [Directly Observed Treatment, Short-course (DOTS)]",'13.1',Number of on-going DOTS patients registered,TOTAL,54395,54395,0,8064,46331,6368,6368,NA,597,5771,4976,4976,0,711,4265,2585,2585,0,1120,1465,3581,3581,0,876,2705,7021,7021,NA,1302,5719,7951,7951,0,1006,6945,3647,3647,0,322,3325,2320,2320,NA,405,1915,2069,2069,0,68,2001,2611,2611,0,257,2354,4394,4394,0,198,4196,2979,2979,NA,191,2788,3893,3893,0,1011,2882
"M13 [Directly Observed Treatment, Short-course (DOTS)]",'13.2',Number of DOTS cases completed successfully,TOTAL,24796,24796,0,4522,20274,3852,3852,NA,260,3592,1748,1748,0,495,1253,976,976,0,379,597,1172,1172,0,297,875,4995,4995,NA,1029,3966,2187,2187,0,572,1615,1842,1842,0,241,1601,901,901,NA,284,617,1671,1671,0,77,1594,1128,1128,0,172,956,1518,1518,0,80,1438,940,940,NA,140,800,1866,1866,0,496,1370
M14 [Patient Services],'14.1.1',Outpatient - Diabetes,TOTAL,1961870,1961870,0,669540,1292330,148688,148688,NA,54229,94459,173910,173910,0,49288,124622,123103,123103,0,41092,82011,247486,247486,0,52272,195214,211559,211559,NA,91324,120235,246432,246432,0,130470,115962,101709,101709,0,37053,64656,115038,115038,NA,32791,82247,161949,161949,0,42602,119347,85529,85529,0,18305,67224,115790,115790,0,57903,57887,94637,94637,NA,29823,64814,136040,136040,0,32388,103652
M14 [Patient Services],'14.1.2',Outpatient - Hypertension,TOTAL,1984156,1984156,0,603987,1380169,160927,160927,NA,56139,104788,162044,162044,0,42934,119110,136626,136626,0,39470,97156,269484,269484,0,43489,225995,193547,193547,NA,81437,112110,211790,211790,0,103250,108540,95684,95684,0,29547,66137,102954,102954,NA,26175,76779,156212,156212,0,38826,117386,104044,104044,0,17768,86276,136822,136822,0,58681,78141,114473,114473,NA,33507,80966,139549,139549,0,32764,106785
M14 [Patient Services],'14.1.3',Outpatient - Stroke (Paralysis),TOTAL,29991,29991,0,4244,25747,1462,1462,NA,9,1453,2534,2534,0,3,2531,895,895,0,48,847,1612,1612,0,131,1481,1150,1150,NA,342,808,3357,3357,0,2390,967,1430,1430,0,32,1398,1901,1901,NA,128,1773,646,646,0,252,394,1185,1185,0,0,1185,11841,11841,0,179,11662,983,983,NA,126,857,995,995,0,604,391
M14 [Patient Services],'14.1.4',Outpatient - Acute Heart Diseases,TOTAL,53634,53634,0,4159,49475,1451,1451,NA,94,1357,2480,2480,0,288,2192,10963,10963,0,292,10671,1205,1205,0,212,993,1721,1721,NA,176,1545,5239,5239,0,1768,3471,7998,7998,0,39,7959,1463,1463,NA,68,1395,783,783,0,266,517,797,797,0,0,797,18502,18502,0,392,18110,515,515,NA,61,454,517,517,0,503,14
M14 [Patient Services],'14.1.5',Outpatient - Mental illness,TOTAL,135153,135153,0,538,134615,13500,13500,NA,0,13500,15836,15836,0,0,15836,6980,6980,0,20,6960,17346,17346,0,2,17344,15473,15473,NA,7,15466,7642,7642,0,284,7358,15504,15504,0,0,15504,3769,3769,NA,101,3668,2968,2968,0,28,2940,3531,3531,0,0,3531,29650,29650,0,0,29650,2552,2552,NA,78,2474,402,402,0,18,384
M14 [Patient Services],'14.1.6',Outpatient - Epilepsy,TOTAL,25820,25820,0,6029,19791,3220,3220,NA,1506,1714,2198,2198,0,68,2130,1094,1094,0,775,319,1818,1818,0,258,1560,1283,1283,NA,301,982,1440,1440,0,993,447,1801,1801,0,360,1441,938,938,NA,364,574,1083,1083,0,542,541,973,973,0,189,784,7733,7733,0,185,7548,1685,1685,NA,312,1373,554,554,0,176,378
M14 [Patient Services],'14.1.7',Outpatient - Ophthalmic Related,TOTAL,1062323,1062323,0,293541,768782,90318,90318,NA,34145,56173,103724,103724,0,23275,80449,65857,65857,0,24807,41050,92652,92652,0,17161,75491,92181,92181,NA,34522,57659,72574,72574,0,20156,52418,96602,96602,0,30396,66206,55917,55917,NA,16467,39450,65966,65966,0,22483,43483,49904,49904,0,18788,31116,145680,145680,0,23735,121945,72256,72256,NA,11808,60448,58692,58692,0,15798,42894
M14 [Patient Services],'14.1.8',Outpatient - Dental,TOTAL,800049,800049,0,270603,529446,70888,70888,NA,32527,38361,118127,118127,0,34642,83485,60190,60190,0,28725,31465,91786,91786,0,28280,63506,78261,78261,NA,29119,49142,45764,45764,0,17536,28228,62927,62927,0,20950,41977,44651,44651,NA,16950,27701,42239,42239,0,12230,30009,37019,37019,0,7220,29799,65203,65203,0,16312,48891,48050,48050,NA,12385,35665,34944,34944,0,13727,21217
M14 [Patient Services],'14.1.9',Outpatient - Oncology,TOTAL,20740,20740,0,641,20099,6319,6319,NA,2,6317,51,51,0,0,51,34,34,0,4,30,4873,4873,0,614,4259,1325,1325,NA,1,1324,366,366,0,2,364,1866,1866,0,1,1865,254,254,NA,4,250,16,16,0,1,15,56,56,0,0,56,5568,5568,0,0,5568,12,12,NA,12,0,0,0,0,0,0
M14 [Patient Services],'14.2.1',Allopathic- Outpatient attendance,TOTAL,46421753,46391265,30488,8957757,37463996,4806637,4806637,NA,1133451,3673186,4848555,4842732,5823,711167,4137388,3287141,3287141,0,620584,2666557,4885319,4885319,0,820877,4064442,3581426,3581426,NA,944174,2637252,3216203,3216203,0,831132,2385071,3948103,3923438,24665,714070,3234033,2287761,2287761,NA,395954,1891807,2867925,2867925,0,531063,2336862,2402247,2402247,0,313630,2088617,4172195,4172195,0,904165,3268030,2302591,2302591,NA,359781,1942810,3815650,3815650,0,677709,3137941
M14 [Patient Services],'14.2.2',Ayush - Outpatient attendance,TOTAL,1514210,1514210,0,273637,1240573,169305,169305,NA,34436,134869,233367,233367,0,40735,192632,181536,181536,0,60784,120752,56649,56649,0,5507,51142,97685,97685,NA,681,97004,96968,96968,0,21952,75016,208965,208965,0,9589,199376,56127,56127,NA,24679,31448,65992,65992,0,19417,46575,74171,74171,0,8489,65682,98288,98288,0,22035,76253,104094,104094,NA,11020,93074,71063,71063,0,14313,56750
M14 [Patient Services],'14.3.1.a',Inpatient (Male)- Children<18yrs,TOTAL,185855,185855,0,45516,140339,17742,17742,NA,4705,13037,20435,20435,0,6924,13511,13434,13434,0,2959,10475,18953,18953,0,3170,15783,16437,16437,NA,4829,11608,8320,8320,0,1863,6457,18036,18036,0,2673,15363,7785,7785,NA,2881,4904,11043,11043,0,2648,8395,9740,9740,0,1298,8442,20183,20183,0,2972,17211,13421,13421,NA,3171,10250,10326,10326,0,5423,4903
M14 [Patient Services],'14.3.1.b',Inpatient (Male)- Adults,TOTAL,757187,757187,0,141060,616127,80962,80962,NA,29188,51774,80948,80948,0,16323,64625,62394,62394,0,9595,52799,80009,80009,0,7276,72733,53482,53482,NA,10058,43424,45448,45448,0,6121,39327,64078,64078,0,10518,53560,45245,45245,NA,13647,31598,37411,37411,0,7568,29843,45792,45792,0,5326,40466,70101,70101,0,5390,64711,47731,47731,NA,8353,39378,43586,43586,0,11697,31889
M14 [Patient Services],'14.3.2.a',Inpatient (Female)- Children<18yrs,TOTAL,166271,166271,0,41465,124806,15730,15730,NA,4334,11396,16780,16780,0,5443,11337,13028,13028,0,3330,9698,18180,18180,0,3309,14871,15224,15224,NA,3996,11228,7992,7992,0,1976,6016,14486,14486,0,2830,11656,6497,6497,NA,2108,4389,9587,9587,0,2366,7221,7650,7650,0,1283,6367,20321,20321,0,3240,17081,11349,11349,NA,2688,8661,9447,9447,0,4562,4885
M14 [Patient Services],'14.3.2.b',Inpatient (Female)- Adults,TOTAL,1161536,1161536,0,214919,946617,129874,129874,NA,38021,91853,124245,124245,0,21766,102479,89042,89042,0,14236,74806,118291,118291,0,13776,104515,87323,87323,NA,18377,68946,66684,66684,0,11897,54787,104188,104188,0,20434,83754,58366,58366,NA,13940,44426,70749,70749,0,14872,55877,66919,66919,0,6237,60682,97820,97820,0,13627,84193,68523,68523,NA,9846,58677,79512,79512,0,17890,61622
M14 [Patient Services],'14.3.3',Number of Left Against Medical Advice (LAMA) cases,TOTAL,44457,44457,0,11153,33304,4064,4064,NA,1843,2221,11316,11316,0,2655,8661,4423,4423,0,540,3883,2102,2102,0,254,1848,2286,2286,NA,688,1598,2741,2741,0,1070,1671,3560,3560,0,388,3172,3617,3617,NA,785,2832,1749,1749,0,145,1604,1130,1130,0,46,1084,795,795,0,0,795,2645,2645,NA,1302,1343,4029,4029,0,1437,2592
M14 [Patient Services],'14.4.1',Inpatient - Malaria,TOTAL,4072,4072,0,339,3733,1326,1326,NA,12,1314,272,272,0,0,272,195,195,0,145,50,187,187,0,12,175,189,189,NA,0,189,125,125,0,2,123,220,220,0,21,199,127,127,NA,119,8,681,681,0,0,681,454,454,0,3,451,189,189,0,2,187,88,88,NA,23,65,19,19,0,0,19
M14 [Patient Services],'14.4.2',Inpatient - Dengue,TOTAL,5174,5174,0,349,4825,1139,1139,NA,23,1116,872,872,0,167,705,326,326,0,4,322,821,821,0,2,819,708,708,NA,14,694,143,143,0,0,143,535,535,0,9,526,161,161,NA,118,43,30,30,0,3,27,14,14,0,0,14,199,199,0,0,199,125,125,NA,0,125,101,101,0,9,92
M14 [Patient Services],'14.4.3',Inpatient - Typhoid,TOTAL,16698,16698,0,3557,13141,1507,1507,NA,176,1331,1289,1289,0,465,824,2054,2054,0,95,1959,2537,2537,0,748,1789,622,622,NA,164,458,2391,2391,0,768,1623,1376,1376,0,319,1057,413,413,NA,124,289,457,457,0,52,405,826,826,0,63,763,741,741,0,6,735,644,644,NA,94,550,1841,1841,0,483,1358
M14 [Patient Services],'14.4.4',"Inpatient - Asthma, Chronic Obstructive Pulmonary Disease (COPD), Respiratory infections",TOTAL,78685,78685,0,19987,58698,6551,6551,NA,1156,5395,8397,8397,0,449,7948,5451,5451,0,723,4728,4106,4106,0,626,3480,4445,4445,NA,910,3535,3207,3207,0,1223,1984,21600,21600,0,7668,13932,3924,3924,NA,554,3370,4427,4427,0,720,3707,2918,2918,0,367,2551,3816,3816,0,1273,2543,5440,5440,NA,1141,4299,4403,4403,0,3177,1226
M14 [Patient Services],'14.4.5',Inpatient - Tuberculosis,TOTAL,10076,10076,0,1146,8930,222,222,NA,89,133,929,929,0,13,916,983,983,0,51,932,673,673,0,9,664,713,713,NA,93,620,570,570,0,95,475,1654,1654,0,186,1468,408,408,NA,82,326,456,456,0,47,409,664,664,0,8,656,1901,1901,0,122,1779,339,339,NA,67,272,564,564,0,284,280
M14 [Patient Services],'14.4.6',Inpatient - Pyrexia of unknown origin (PUO),TOTAL,92786,92786,0,25232,67554,2771,2771,NA,1459,1312,8966,8966,0,2563,6403,5697,5697,0,2069,3628,16599,16599,0,3666,12933,7741,7741,NA,1709,6032,6170,6170,0,1707,4463,10970,10970,0,2205,8765,4284,4284,NA,259,4025,8113,8113,0,2290,5823,5045,5045,0,929,4116,922,922,0,16,906,9709,9709,NA,3909,5800,5799,5799,0,2451,3348
M14 [Patient Services],'14.4.7',Inpatient - Diarrhea with dehydration,TOTAL,176247,176247,0,52709,123538,30026,30026,NA,10618,19408,35655,35655,0,12010,23645,21985,21985,0,4568,17417,4419,4419,0,945,3474,6311,6311,NA,1094,5217,3677,3677,0,655,3022,24159,24159,0,12035,12124,7603,7603,NA,1663,5940,6054,6054,0,1378,4676,10366,10366,0,2317,8049,9828,9828,0,1978,7850,12041,12041,NA,2945,9096,4123,4123,0,503,3620
M14 [Patient Services],'14.4.8',Inpatient - Hepatitis,TOTAL,4387,4387,0,445,3942,336,336,NA,255,81,509,509,0,6,503,127,127,0,0,127,150,150,0,19,131,224,224,NA,9,215,78,78,0,4,74,370,370,0,64,306,215,215,NA,9,206,45,45,0,12,33,120,120,0,0,120,1657,1657,0,0,1657,193,193,NA,0,193,363,363,0,67,296
M14 [Patient Services],'14.5',Patients registered at Emergency Department,TOTAL,1258890,1258890,0,266688,992202,194084,194084,NA,48595,145489,182750,182750,0,19248,163502,50657,50657,0,9412,41245,66943,66943,0,22217,44726,146768,146768,NA,20733,126035,86793,86793,0,19822,66971,172576,172576,0,22160,150416,33247,33247,NA,11401,21846,36835,36835,0,14636,22199,30108,30108,0,5428,24680,156708,156708,0,31006,125702,37658,37658,NA,13897,23761,63763,63763,0,28133,35630
M14 [Patient Services],'14.6.1',"Emergency - Trauma ( accident, injury, poisoning etc)",TOTAL,101515,101515,0,28096,73419,9771,9771,NA,2489,7282,14647,14647,0,1340,13307,4476,4476,0,1119,3357,17802,17802,0,1613,16189,6576,6576,NA,3672,2904,7123,7123,0,3467,3656,10049,10049,0,3617,6432,6342,6342,NA,1651,4691,3621,3621,0,1233,2388,4377,4377,0,863,3514,3656,3656,0,392,3264,2165,2165,NA,450,1715,10910,10910,0,6190,4720
M14 [Patient Services],'14.6.2',Emergency - Burn,TOTAL,2597,2597,0,404,2193,276,276,NA,60,216,294,294,0,66,228,92,92,0,22,70,185,185,0,21,164,106,106,NA,34,72,115,115,0,24,91,276,276,0,35,241,107,107,NA,7,100,80,80,0,18,62,185,185,0,21,164,556,556,0,6,550,160,160,NA,60,100,165,165,0,30,135
M14 [Patient Services],'14.6.3',Emergency - Obstetrics complications,TOTAL,22425,22425,0,6166,16259,1397,1397,NA,1199,198,5417,5417,0,404,5013,62,62,0,18,44,1166,1166,0,567,599,630,630,NA,309,321,807,807,0,539,268,3519,3519,0,1428,2091,906,906,NA,442,464,986,986,0,766,220,1186,1186,0,124,1062,490,490,0,335,155,3134,3134,NA,5,3129,2725,2725,0,30,2695
M14 [Patient Services],'14.6.4',Emergency - Snake Bite,TOTAL,14342,14342,0,4084,10258,980,980,NA,325,655,1127,1127,0,184,943,289,289,0,62,227,2149,2149,0,397,1752,1198,1198,NA,593,605,1979,1979,0,247,1732,564,564,0,142,422,223,223,NA,76,147,248,248,0,137,111,1810,1810,0,624,1186,1059,1059,0,247,812,1002,1002,NA,302,700,1714,1714,0,748,966
M14 [Patient Services],'14.6.5',Emergency - Acute Caridiac Emergencies,TOTAL,9204,9204,0,1258,7946,573,573,NA,229,344,834,834,0,117,717,156,156,0,18,138,1961,1961,0,160,1801,512,512,NA,70,442,253,253,0,87,166,1142,1142,0,4,1138,665,665,NA,118,547,181,181,0,54,127,239,239,0,11,228,1856,1856,0,249,1607,208,208,NA,27,181,624,624,0,114,510
M14 [Patient Services],'14.6.7',Emergency - CVA ( Cerebovascular Disease),TOTAL,13033,13033,0,1141,11892,766,766,NA,56,710,3290,3290,0,90,3200,279,279,0,32,247,2499,2499,0,148,2351,432,432,NA,42,390,503,503,0,71,432,1232,1232,0,191,1041,649,649,NA,103,546,222,222,0,40,182,483,483,0,3,480,1334,1334,0,0,1334,621,621,NA,159,462,723,723,0,206,517
M14 [Patient Services],'14.7',Number of deaths occurring at Emergency Department,TOTAL,6088,6088,0,1182,4906,846,846,NA,229,617,519,519,0,71,448,273,273,0,26,247,229,229,0,97,132,901,901,NA,90,811,404,404,0,58,346,1032,1032,0,9,1023,270,270,NA,94,176,126,126,0,64,62,467,467,0,68,399,269,269,0,8,261,456,456,NA,153,303,296,296,0,215,81
M14 [Patient Services],'14.8.1',Operation major (General and spinal anaesthesia),TOTAL,98043,98043,0,15768,82275,5758,5758,NA,1569,4189,8901,8901,0,623,8278,7866,7866,0,458,7408,8957,8957,0,601,8356,8661,8661,NA,986,7675,8824,8824,0,1043,7781,11535,11535,0,1957,9578,4875,4875,NA,1106,3769,1540,1540,0,504,1036,4674,4674,0,655,4019,14013,14013,0,766,13247,2453,2453,NA,955,1498,9986,9986,0,4545,5441
M14 [Patient Services],'14.8.2',"Out of Operation major, Gynecology- Hysterectomy surgeries",TOTAL,17421,17421,0,2427,14994,974,974,NA,400,574,674,674,0,99,575,2462,2462,0,19,2443,409,409,0,92,317,4398,4398,NA,395,4003,247,247,0,50,197,284,284,0,143,141,2326,2326,NA,588,1738,366,366,0,274,92,973,973,0,221,752,803,803,0,24,779,1633,1633,NA,25,1608,1872,1872,0,97,1775
M14 [Patient Services],'14.8.3',"Major Surgeries excluding Obstetrics, Gynaecology and Opthalmology etc.",TOTAL,42111,42111,NA,NA,42111,816,816,NA,NA,816,2220,2220,NA,NA,2220,3647,3647,NA,NA,3647,5999,5999,NA,NA,5999,3710,3710,NA,NA,3710,3622,3622,NA,NA,3622,5979,5979,NA,NA,5979,808,808,NA,NA,808,592,592,NA,NA,592,3097,3097,NA,NA,3097,9065,9065,NA,NA,9065,528,528,NA,NA,528,2028,2028,NA,NA,2028
M14 [Patient Services],'14.8.4',Operation minor (No or local anaesthesia),TOTAL,756929,756767,162,217030,539899,46781,46781,NA,20521,26260,119182,119182,0,29639,89543,28832,28832,0,11015,17817,87102,87102,0,27846,59256,77996,77996,NA,23359,54637,85393,85393,0,18784,66609,36130,36130,0,10489,25641,30463,30463,NA,7869,22594,27914,27914,0,7609,20305,42523,42523,0,9156,33367,77255,77093,162,13224,64031,37964,37964,NA,13646,24318,59394,59394,0,23873,35521
M14 [Patient Services],'14.8.5',Number of post operative Surgical Site infection,TOTAL,1412,1412,NA,NA,1412,18,18,NA,NA,18,75,75,NA,NA,75,0,0,NA,NA,0,256,256,NA,NA,256,27,27,NA,NA,27,108,108,NA,NA,108,109,109,NA,NA,109,2,2,NA,NA,2,0,0,NA,NA,0,63,63,NA,NA,63,721,721,NA,NA,721,0,0,NA,NA,0,33,33,NA,NA,33
M14 [Patient Services],'14.8.6',Number of blood units issued,TOTAL,84033,84033,0,13743,70290,2072,2072,NA,2044,28,9128,9128,0,233,8895,5536,5536,0,315,5221,17209,17209,0,1397,15812,9437,9437,NA,2403,7034,7933,7933,0,849,7084,8145,8145,0,1171,6974,3887,3887,NA,1271,2616,2064,2064,0,794,1270,2156,2156,0,160,1996,9774,9774,0,501,9273,3639,3639,NA,1530,2109,3053,3053,0,1075,1978
M14 [Patient Services],'14.8.7',Number of blood transfusions done,TOTAL,76896,76896,0,11726,65170,1382,1382,NA,1354,28,7982,7982,0,271,7711,5540,5540,0,324,5216,16968,16968,0,1026,15942,8221,8221,NA,2264,5957,5901,5901,0,779,5122,8716,8716,0,992,7724,3522,3522,NA,1092,2430,1690,1690,0,674,1016,2123,2123,0,146,1977,8631,8631,0,471,8160,3214,3214,NA,1180,2034,3006,3006,0,1153,1853
M14 [Patient Services],'14.9.1',Inpatient Deaths - Male,TOTAL,15673,15673,0,1114,14559,640,640,NA,148,492,1475,1475,0,61,1414,305,305,0,51,254,2790,2790,0,105,2685,1967,1967,NA,78,1889,1920,1920,0,59,1861,2320,2320,0,141,2179,779,779,NA,77,702,338,338,0,94,244,492,492,0,36,456,1724,1724,0,65,1659,221,221,NA,27,194,702,702,0,172,530
M14 [Patient Services],'14.9.2',Inpatient Deaths - Female,TOTAL,10316,10316,0,657,9659,466,466,NA,97,369,860,860,0,36,824,180,180,0,36,144,1711,1711,0,65,1646,1574,1574,NA,50,1524,1061,1061,0,36,1025,1598,1598,0,55,1543,447,447,NA,42,405,232,232,0,57,175,317,317,0,25,292,1295,1295,0,34,1261,150,150,NA,26,124,425,425,0,98,327
M14 [Patient Services],'14.10',In-Patient Head Count at midnight,TOTAL,4793225,4793225,0,900925,3892300,380701,380701,NA,115549,265152,507167,507167,0,83718,423449,271230,271230,0,44325,226905,578547,578547,0,93645,484902,479857,479857,NA,92228,387629,388118,388118,0,58595,329523,453254,453254,0,56024,397230,164107,164107,NA,29243,134864,198764,198764,0,76213,122551,205533,205533,0,35724,169809,674455,674455,0,59303,615152,223994,223994,NA,58826,165168,267498,267498,0,97532,169966
M14 [Patient Services],'14.11',Number of Admission in NBSU ( New Born Stabilisation Unit),TOTAL,26608,26608,0,14338,12270,3749,3749,NA,1179,2570,3783,3783,0,1454,2329,746,746,0,591,155,2038,2038,0,885,1153,1874,1874,NA,1847,27,1593,1593,0,1283,310,1602,1602,0,640,962,900,900,NA,753,147,2508,2508,0,1758,750,2037,2037,0,261,1776,3154,3154,0,1605,1549,446,446,NA,0,446,2178,2178,0,2082,96
M14 [Patient Services],'14.12.1',Special Newborn Care Unit (SNCU Admissions) - Inborn Male,TOTAL,11804,11804,0,1697,10107,573,573,NA,107,466,1088,1088,0,13,1075,814,814,0,58,756,1504,1504,0,0,1504,908,908,NA,318,590,957,957,0,86,871,1139,1139,0,76,1063,674,674,NA,323,351,467,467,0,320,147,607,607,0,82,525,1759,1759,0,114,1645,803,803,NA,200,603,511,511,0,0,511
M14 [Patient Services],'14.12.2',Special Newborn Care Unit (SNCU Admissions) - Inborn Female,TOTAL,9709,9709,0,1559,8150,429,429,NA,107,322,714,714,0,18,696,646,646,0,61,585,1257,1257,0,0,1257,854,854,NA,323,531,715,715,0,81,634,1017,1017,0,156,861,483,483,NA,237,246,396,396,0,255,141,488,488,0,54,434,1555,1555,0,89,1466,691,691,NA,178,513,464,464,0,0,464
M14 [Patient Services],'14.12.3',Outborn – Male,TOTAL,6703,6703,0,565,6138,477,477,NA,7,470,590,590,0,2,588,396,396,0,13,383,1002,1002,0,0,1002,101,101,NA,7,94,417,417,0,0,417,1413,1413,0,244,1169,225,225,NA,46,179,66,66,0,0,66,399,399,0,27,372,836,836,0,30,806,538,538,NA,189,349,243,243,0,0,243
M14 [Patient Services],'14.12.4',Outborn - Female,TOTAL,5162,5162,0,371,4791,342,342,NA,21,321,387,387,0,2,385,311,311,0,12,299,779,779,0,0,779,102,102,NA,9,93,500,500,0,1,499,971,971,0,100,871,223,223,NA,55,168,48,48,0,0,48,283,283,0,14,269,581,581,0,19,562,411,411,NA,138,273,224,224,0,0,224
M14 [Patient Services],'14.12.5',Number of newborns admitted in SNCU - referred by ASHA,TOTAL,1417,1417,0,127,1290,11,11,NA,11,0,62,62,0,0,62,0,0,0,0,0,561,561,0,0,561,13,13,NA,0,13,5,5,0,5,0,171,171,0,21,150,11,11,NA,11,0,95,95,0,0,95,91,91,0,30,61,191,191,0,0,191,49,49,NA,49,0,157,157,0,0,157
M14 [Patient Services],'14.13',Number of deaths occurring at SNCU,TOTAL,2433,2433,0,20,2413,232,232,NA,0,232,63,63,0,1,62,162,162,0,0,162,468,468,0,0,468,1,1,NA,0,1,349,349,0,0,349,412,412,0,3,409,98,98,NA,0,98,24,24,0,0,24,113,113,0,0,113,430,430,0,0,430,67,67,NA,16,51,14,14,0,0,14
M14 [Patient Services],'14.14.1',Number of children admitted in NRC,TOTAL,2445,2445,0,123,2322,264,264,NA,0,264,205,205,0,0,205,198,198,0,0,198,379,379,0,0,379,56,56,NA,0,56,104,104,0,0,104,167,167,0,0,167,78,78,NA,0,78,19,19,0,0,19,132,132,0,0,132,365,365,0,0,365,314,314,NA,123,191,164,164,0,0,164
M14 [Patient Services],'14.14.2',Number of children discharged with target weight gain from the NRCs,TOTAL,1584,1584,0,116,1468,208,208,NA,0,208,204,204,0,0,204,42,42,0,0,42,222,222,0,0,222,35,35,NA,0,35,55,55,0,0,55,12,12,0,0,12,49,49,NA,0,49,15,15,0,0,15,91,91,0,0,91,276,276,0,0,276,297,297,NA,116,181,78,78,0,0,78
M14 [Patient Services],'14.15',Number of Rogi Kalyan Samiti (RKS) meetings held,TOTAL,4047,4047,0,325,3722,129,129,NA,34,95,335,335,0,30,305,79,79,0,5,74,494,494,0,44,450,341,341,NA,42,299,452,452,0,23,429,220,220,0,20,200,204,204,NA,3,201,220,220,0,29,191,195,195,0,7,188,409,409,0,23,386,212,212,NA,11,201,757,757,0,54,703
M14 [Patient Services],'14.16',Number of Anganwadi centres/ UPHCs reported to have conducted Village Health & Nutrition Day (VHNDs)/ Urban Health & Nutrition Day (UHNDs)/ Outreach / Special Outreach,TOTAL,339733,339733,NA,5337,334396,31236,31236,NA,278,30958,33445,33445,NA,92,33353,19595,19595,NA,0,19595,29038,29038,NA,280,28758,24149,24149,NA,1584,22565,23099,23099,NA,119,22980,22842,22842,NA,47,22795,32023,32023,NA,118,31905,28297,28297,NA,0,28297,24678,24678,NA,361,24317,21067,21067,NA,168,20899,20472,20472,NA,500,19972,29792,29792,NA,1790,28002
M14 [Patient Services],'14.17',Stock out rate of essential Drugs,TOTAL,2144,2144,NA,NA,2144,97,97,NA,NA,97,161,161,NA,NA,161,8,8,NA,NA,8,331,331,NA,NA,331,370,370,NA,NA,370,683,683,NA,NA,683,161,161,NA,NA,161,0,0,NA,NA,0,87,87,NA,NA,87,60,60,NA,NA,60,84,84,NA,NA,84,0,0,NA,NA,0,102,102,NA,NA,102
M14 [Patient Services],'14.18',Blood Units Issued on replacement (Family Donors to be considered as replacement donations),TOTAL,25987,25987,NA,NA,25987,3228,3228,NA,NA,3228,254,254,NA,NA,254,2646,2646,NA,NA,2646,1015,1015,NA,NA,1015,2183,2183,NA,NA,2183,2813,2813,NA,NA,2813,6560,6560,NA,NA,6560,0,0,NA,NA,0,193,193,NA,NA,193,1469,1469,NA,NA,1469,4409,4409,NA,NA,4409,80,80,NA,NA,80,1137,1137,NA,NA,1137
M14 [Patient Services],'14.19',Total number of blood units issued in year,TOTAL,135494,135494,NA,NA,135494,10979,10979,NA,NA,10979,12077,12077,NA,NA,12077,7553,7553,NA,NA,7553,17998,17998,NA,NA,17998,24437,24437,NA,NA,24437,20772,20772,NA,NA,20772,9955,9955,NA,NA,9955,8028,8028,NA,NA,8028,1127,1127,NA,NA,1127,10534,10534,NA,NA,10534,8074,8074,NA,NA,8074,2169,2169,NA,NA,2169,1791,1791,NA,NA,1791
M14 [Patient Services],'14.20',Patient Satisfaction Score of the facility in percentage (from Mera Aspatal),TOTAL,8964,8964,NA,NA,8964,480,480,NA,NA,480,886,886,NA,NA,886,686,686,NA,NA,686,1106,1106,NA,NA,1106,1126,1126,NA,NA,1126,583,583,NA,NA,583,1077,1077,NA,NA,1077,0,0,NA,NA,0,200,200,NA,NA,200,700,700,NA,NA,700,886,886,NA,NA,886,573,573,NA,NA,573,661,661,NA,NA,661
M15 [Laboratory Testing],'15.1',Number of Lab Tests done,TOTAL,27077637,27077637,0,7744239,19333398,2592068,2592068,NA,716206,1875862,3131917,3131917,0,780293,2351624,1515876,1515876,0,534530,981346,2395394,2395394,0,633046,1762348,2355176,2355176,NA,689555,1665621,2236699,2236699,0,862323,1374376,2466123,2466123,0,465543,2000580,1439022,1439022,NA,473557,965465,1610574,1610574,0,702467,908107,1144081,1144081,0,239026,905055,2781687,2781687,0,503066,2278621,1288489,1288489,NA,393482,895007,2120531,2120531,0,751145,1369386
M15 [Laboratory Testing],'15.2.1',Number of Hb tests conducted,TOTAL,2859724,2859724,0,697102,2162622,305973,305973,NA,52890,253083,280271,280271,0,55934,224337,174000,174000,0,40664,133336,269148,269148,0,67237,201911,224712,224712,NA,76583,148129,252559,252559,0,73431,179128,300088,300088,0,66976,233112,154180,154180,NA,37579,116601,116299,116299,0,30767,85532,170784,170784,0,22393,148391,233396,233396,0,56830,176566,155274,155274,NA,39683,115591,223040,223040,0,76135,146905
M15 [Laboratory Testing],'15.2.2',"Out of the total number of Hb tests done, Number having Hb < 7 mg",TOTAL,111962,111962,0,26330,85632,9793,9793,NA,1283,8510,13056,13056,0,855,12201,18100,18100,0,1624,16476,5531,5531,0,646,4885,6061,6061,NA,2829,3232,7746,7746,0,3612,4134,21494,21494,0,4538,16956,7786,7786,NA,3286,4500,4487,4487,0,1253,3234,2573,2573,0,241,2332,5950,5950,0,2237,3713,5293,5293,NA,978,4315,4092,4092,0,2948,1144
M15 [Laboratory Testing],'15.3.1.a',Male HIV - Number Tested,TOTAL,314849,314849,0,86138,228711,21312,21312,NA,7059,14253,29992,29992,0,5661,24331,27118,27118,0,8390,18728,29568,29568,0,7921,21647,30503,30503,NA,9251,21252,28212,28212,0,8967,19245,22017,22017,0,5668,16349,17470,17470,NA,4912,12558,21191,21191,0,5873,15318,19659,19659,0,4293,15366,24847,24847,0,5875,18972,18416,18416,NA,2895,15521,24544,24544,0,9373,15171
M15 [Laboratory Testing],'15.3.1.b',Male HIV - Number Positive,TOTAL,6360,6360,0,2220,4140,509,509,NA,306,203,464,464,0,56,408,289,289,0,101,188,774,774,0,191,583,691,691,NA,305,386,741,741,0,226,515,515,515,0,151,364,376,376,NA,120,256,544,544,0,141,403,174,174,0,46,128,425,425,0,123,302,222,222,NA,27,195,636,636,0,427,209
M15 [Laboratory Testing],'15.3.2.a',Female Non ANC HIV - Number Tested,TOTAL,322310,322310,0,99608,222702,24380,24380,NA,9041,15339,29031,29031,0,5474,23557,26189,26189,0,8587,17602,29443,29443,0,9816,19627,34885,34885,NA,12154,22731,28535,28535,0,10368,18167,24707,24707,0,7638,17069,18364,18364,NA,5905,12459,25683,25683,0,7546,18137,16497,16497,0,3648,12849,24520,24520,0,8219,16301,16448,16448,NA,3000,13448,23628,23628,0,8212,15416
M15 [Laboratory Testing],'15.3.2.b',Female Non ANC HIV - Number Positive,TOTAL,5233,5233,0,1708,3525,297,297,NA,144,153,403,403,0,42,361,203,203,0,53,150,669,669,0,170,499,660,660,NA,285,375,663,663,0,176,487,292,292,0,85,207,295,295,NA,97,198,496,496,0,102,394,140,140,0,36,104,412,412,0,112,300,132,132,NA,23,109,571,571,0,383,188
M15 [Laboratory Testing],'15.3.3.a',Number of pregnant women screened for HIV,TOTAL,450724,450576,148,114389,336335,30518,30518,NA,6206,24312,45946,45946,0,6532,39414,30565,30417,148,7302,23263,42573,42573,0,9359,33214,35115,35115,NA,14484,20631,33513,33513,0,11933,21580,45615,45615,0,12573,33042,20655,20655,NA,6647,14008,31950,31950,0,8728,23222,25180,25180,0,5192,19988,42221,42221,0,7268,34953,28258,28258,NA,5242,23016,38615,38615,0,12923,25692
M15 [Laboratory Testing],'15.3.3.b',"Out of the above, number screened positive",TOTAL,1596,1596,0,291,1305,536,536,NA,22,514,318,318,0,98,220,115,115,0,18,97,41,41,0,11,30,46,46,NA,26,20,141,141,0,32,109,76,76,0,12,64,115,115,NA,12,103,86,86,0,19,67,22,22,0,1,21,45,45,0,15,30,13,13,NA,1,12,42,42,0,24,18
M15 [Laboratory Testing],'15.3.3.c',"Out of the above number screened positive, number confirmed with HIV infection at Integrated Counselling and Testing Centre (ICTC)",TOTAL,2891,2891,0,334,2557,327,327,NA,9,318,159,159,0,22,137,298,298,0,76,222,1235,1235,0,65,1170,136,136,NA,68,68,31,31,0,11,20,90,90,0,43,47,75,75,NA,11,64,353,353,0,13,340,9,9,0,2,7,121,121,0,11,110,14,14,NA,1,13,43,43,0,2,41
M15 [Laboratory Testing],'15.3.4.a',Number of Male STI/RTI attendees tested for syphilis,TOTAL,52323,52323,0,15152,37171,2241,2241,NA,1240,1001,6206,6206,0,2226,3980,2609,2609,0,968,1641,8433,8433,0,1920,6513,3403,3403,NA,650,2753,2237,2237,0,887,1350,5760,5760,0,1533,4227,3729,3729,NA,1201,2528,1509,1509,0,1049,460,2419,2419,0,652,1767,5182,5182,0,572,4610,4071,4071,NA,1175,2896,4524,4524,0,1079,3445
M15 [Laboratory Testing],'15.3.4.b',Number of Male STI/RTI attendees found sero Positive for syphilis,TOTAL,940,940,0,303,637,112,112,NA,94,18,9,9,0,0,9,229,229,0,5,224,239,239,0,188,51,5,5,NA,1,4,126,126,0,12,114,32,32,0,0,32,1,1,NA,1,0,0,0,0,0,0,7,7,0,0,7,62,62,0,0,62,18,18,NA,2,16,100,100,0,0,100
M15 [Laboratory Testing],'15.3.4.c',Number of Female (Non ANC)STI/RTI attendees tested for syphilis,TOTAL,62509,62509,0,19141,43368,3254,3254,NA,1312,1942,6226,6226,0,1651,4575,3024,3024,0,763,2261,6864,6864,0,2361,4503,6126,6126,NA,1692,4434,4432,4432,0,575,3857,4396,4396,0,605,3791,6340,6340,NA,2225,4115,5370,5370,0,3361,2009,3395,3395,0,658,2737,5129,5129,0,1354,3775,3943,3943,NA,1205,2738,4010,4010,0,1379,2631
M15 [Laboratory Testing],'15.3.4.d',Number of Female (Non ANC) STI/RTI attendees found sero Positive for syphilis,TOTAL,1284,1284,0,454,830,4,4,NA,0,4,13,13,0,2,11,118,118,0,3,115,458,458,0,439,19,8,8,NA,4,4,92,92,0,0,92,43,43,0,0,43,365,365,NA,2,363,0,0,0,0,0,3,3,0,0,3,55,55,0,0,55,5,5,NA,2,3,120,120,0,2,118
M15 [Laboratory Testing],'15.4.1',Widal tests - Number Tested,TOTAL,383083,383083,0,109374,273709,47307,47307,NA,18002,29305,32578,32578,0,8885,23693,18062,18062,0,4838,13224,45480,45480,0,11706,33774,19138,19138,NA,9707,9431,34347,34347,0,9201,25146,25866,25866,0,8460,17406,17710,17710,NA,6332,11378,19891,19891,0,5787,14104,21585,21585,0,5492,16093,45987,45987,0,9624,36363,20774,20774,NA,2224,18550,34358,34358,0,9116,25242
M15 [Laboratory Testing],'15.4.2',Widal tests - Number Positive,TOTAL,51445,51445,0,14988,36457,3085,3085,NA,1134,1951,3525,3525,0,1212,2313,2160,2160,0,720,1440,11240,11240,0,1992,9248,2862,2862,NA,2116,746,6127,6127,0,1518,4609,4127,4127,0,750,3377,2357,2357,NA,861,1496,2287,2287,0,811,1476,3234,3234,0,586,2648,2159,2159,0,141,2018,1399,1399,NA,327,1072,6883,6883,0,2820,4063
M15 [Laboratory Testing],'15.5.1',Radiology - X-ray,TOTAL,825095,825095,0,137903,687192,50879,50879,NA,13785,37094,111247,111247,0,16188,95059,66709,66709,0,9307,57402,112667,112667,0,16520,96147,100042,100042,NA,15815,84227,68649,68649,0,6570,62079,87062,87062,0,4177,82885,28101,28101,NA,6256,21845,12940,12940,0,6866,6074,33900,33900,0,7407,26493,89282,89282,0,10000,79282,23670,23670,NA,4499,19171,39947,39947,0,20513,19434
M15 [Laboratory Testing],'15.5.2',Radiology - Ultrasonography (USG),TOTAL,349672,349672,0,39711,309961,14197,14197,NA,861,13336,27006,27006,0,4446,22560,21688,21688,0,1308,20380,46883,46883,0,1767,45116,52561,52561,NA,2518,50043,40619,40619,0,5751,34868,37612,37612,0,0,37612,22674,22674,NA,8692,13982,11636,11636,0,2741,8895,18833,18833,0,4856,13977,24756,24756,0,885,23871,14784,14784,NA,2414,12370,16423,16423,0,3472,12951
M16 [Details of deaths reported with probable causes:],'16.1',Infant deaths within 24 hrs(1 to 23 Hrs) of birth,TOTAL,914,899,15,34,880,58,58,NA,3,55,106,106,NA,0,106,42,42,0,0,42,110,110,0,3,107,141,141,NA,1,140,87,87,0,0,87,160,160,0,6,154,25,25,NA,0,25,13,13,0,0,13,39,28,11,14,25,103,102,1,1,102,7,7,NA,2,5,23,20,3,4,19
M16 [Details of deaths reported with probable causes:],'16.2.1',Infant Deaths up to 4 weeks due to Sepsis,TOTAL,689,686,3,7,682,63,63,NA,2,61,75,75,NA,0,75,80,80,0,0,80,100,100,0,0,100,68,68,NA,1,67,104,104,0,1,103,108,108,0,0,108,6,6,NA,0,6,1,1,0,0,1,18,18,0,0,18,35,35,0,0,35,27,26,1,1,26,4,2,2,2,2
M16 [Details of deaths reported with probable causes:],'16.2.2',Infant Deaths up to 4 weeks due to Asphyxia,TOTAL,1386,1382,4,21,1365,110,110,NA,0,110,99,99,NA,0,99,570,570,0,0,570,98,98,0,1,97,22,22,NA,0,22,81,81,0,0,81,198,198,0,0,198,19,19,NA,1,18,9,6,3,3,6,30,30,0,1,29,107,107,0,0,107,33,33,NA,12,21,10,9,1,3,7
M16 [Details of deaths reported with probable causes:],'16.2.3',Infant Deaths up to 4 weeks due to Other causes,TOTAL,1620,1587,33,60,1560,168,168,NA,0,168,186,186,NA,1,185,94,94,0,1,93,171,171,0,0,171,88,88,NA,18,70,100,100,0,0,100,188,188,0,0,188,71,65,6,7,64,77,65,12,13,64,69,63,6,6,63,347,345,2,2,345,35,35,NA,4,31,26,19,7,8,18
M16 [Details of deaths reported with probable causes:],'16.3.1',Number of Infant Deaths (1 -12 months) due to Pneumonia,TOTAL,191,191,0,1,190,15,15,NA,0,15,16,16,NA,0,16,5,5,0,0,5,32,32,0,0,32,23,23,NA,0,23,18,18,0,0,18,19,19,0,0,19,11,11,NA,0,11,3,3,0,0,3,10,10,0,0,10,33,33,0,0,33,4,4,NA,1,3,2,2,0,0,2
M16 [Details of deaths reported with probable causes:],'16.3.2',Number of Infant Deaths (1 -12 months) due to Diarrhoea,TOTAL,7,7,0,0,7,0,0,NA,0,0,3,3,NA,0,3,1,1,0,0,1,1,1,0,0,1,0,0,NA,0,0,0,0,0,0,0,1,1,0,0,1,0,0,NA,0,0,1,1,0,0,1,0,0,0,0,0,0,0,0,0,0,0,0,NA,0,0,0,0,0,0,0
M16 [Details of deaths reported with probable causes:],'16.3.3',Number of Infant Deaths (1 -12 months) due to Fever related,TOTAL,56,55,1,1,55,2,2,NA,0,2,18,18,NA,0,18,0,0,0,0,0,9,9,0,0,9,0,0,NA,0,0,2,2,0,0,2,2,2,0,0,2,0,0,NA,0,0,4,3,1,1,3,1,1,0,0,1,18,18,0,0,18,0,0,NA,0,0,0,0,0,0,0
M16 [Details of deaths reported with probable causes:],'16.3.4',Number of Infant Deaths (1 -12 months) due to Measles,TOTAL,13,13,0,0,13,1,1,NA,0,1,0,0,NA,0,0,0,0,0,0,0,1,1,0,0,1,0,0,NA,0,0,11,11,0,0,11,0,0,0,0,0,0,0,NA,0,0,0,0,0,0,0,0,0,0,0,0,0,0,0,0,0,0,0,NA,0,0,0,0,0,0,0
M16 [Details of deaths reported with probable causes:],'16.3.5',Number of Infant Deaths (1 -12 months) due to Others,TOTAL,853,821,32,40,813,83,83,NA,0,83,35,35,NA,0,35,45,45,0,2,43,121,121,0,0,121,61,61,NA,1,60,38,38,0,1,37,97,97,0,0,97,31,31,NA,0,31,61,54,7,8,53,68,46,22,25,43,160,159,1,1,159,30,30,NA,0,30,23,21,2,2,21
M16 [Details of deaths reported with probable causes:],'16.4.1',Number of Child Deaths (1 -5 years) due to Pneumonia,TOTAL,77,77,0,1,76,7,7,NA,1,6,5,5,NA,0,5,9,9,0,0,9,7,7,0,0,7,16,16,NA,0,16,6,6,0,0,6,13,13,0,0,13,4,4,NA,0,4,0,0,0,0,0,6,6,0,0,6,4,4,0,0,4,0,0,NA,0,0,0,0,0,0,0
M16 [Details of deaths reported with probable causes:],'16.4.2',Number of Child Deaths (1 -5 years) due to Diarrhoea,TOTAL,2,2,0,0,2,0,0,NA,0,0,2,2,NA,0,2,0,0,0,0,0,0,0,0,0,0,0,0,NA,0,0,0,0,0,0,0,0,0,0,0,0,0,0,NA,0,0,0,0,0,0,0,0,0,0,0,0,0,0,0,0,0,0,0,NA,0,0,0,0,0,0,0
M16 [Details of deaths reported with probable causes:],'16.4.3',Number of Child Deaths (1 -5 years) due to Fever related,TOTAL,35,35,0,0,35,1,1,NA,0,1,11,11,NA,0,11,1,1,0,0,1,2,2,0,0,2,0,0,NA,0,0,2,2,0,0,2,6,6,0,0,6,0,0,NA,0,0,1,1,0,0,1,1,1,0,0,1,10,10,0,0,10,0,0,NA,0,0,0,0,0,0,0
M16 [Details of deaths reported with probable causes:],'16.4.4',Number of Child Deaths (1 -5 years) due to Measles,TOTAL,7,7,0,0,7,7,7,NA,0,7,0,0,NA,0,0,0,0,0,0,0,0,0,0,0,0,0,0,NA,0,0,0,0,0,0,0,0,0,0,0,0,0,0,NA,0,0,0,0,0,0,0,0,0,0,0,0,0,0,0,0,0,0,0,NA,0,0,0,0,0,0,0
M16 [Details of deaths reported with probable causes:],'16.4.5',Number of Child Deaths (1 -5 years) due to Others,TOTAL,456,446,10,15,441,44,44,NA,0,44,31,31,NA,0,31,24,24,0,0,24,32,32,0,0,32,45,45,NA,2,43,23,23,0,0,23,75,75,0,0,75,8,8,NA,1,7,19,18,1,3,16,22,13,9,9,13,92,92,0,0,92,23,23,NA,0,23,18,18,0,0,18
M16 [Details of deaths reported with probable causes:],'16.5.1',Number of Maternal Deaths due to Bleeding,TOTAL,39,36,3,7,32,0,0,NA,0,0,3,3,NA,0,3,3,3,0,1,2,0,0,0,0,0,9,9,0,3,6,1,1,0,0,1,8,8,0,0,8,0,0,NA,0,0,3,2,1,1,2,0,0,0,0,0,10,10,0,0,10,0,0,NA,0,0,2,0,2,2,0
M16 [Details of deaths reported with probable causes:],'16.5.2',Number of Maternal Deaths due to High fever,TOTAL,8,8,0,0,8,0,0,NA,0,0,0,0,NA,0,0,0,0,0,0,0,1,1,0,0,1,0,0,NA,0,0,2,2,0,0,2,3,3,0,0,3,0,0,NA,0,0,0,0,0,0,0,0,0,0,0,0,2,2,0,0,2,0,0,NA,0,0,0,0,0,0,0
M16 [Details of deaths reported with probable causes:],'16.5.3',Number of Maternal Deaths due to Abortion,TOTAL,2,2,0,0,2,0,0,NA,0,0,0,0,NA,0,0,0,0,0,0,0,0,0,0,0,0,0,0,NA,0,0,2,2,0,0,2,0,0,0,0,0,0,0,NA,0,0,0,0,0,0,0,0,0,0,0,0,0,0,0,0,0,0,0,NA,0,0,0,0,0,0,0
M16 [Details of deaths reported with probable causes:],'16.5.4',Number of Maternal Deaths due to Obstructed/prolonged labour,TOTAL,1,1,0,0,1,0,0,NA,0,0,0,0,NA,0,0,0,0,0,0,0,0,0,0,0,0,0,0,NA,0,0,0,0,0,0,0,0,0,0,0,0,0,0,NA,0,0,0,0,0,0,0,0,0,0,0,0,1,1,0,0,1,0,0,NA,0,0,0,0,0,0,0
M16 [Details of deaths reported with probable causes:],'16.5.5',Number of Maternal Deaths due to Severe hypertesnion/fits,TOTAL,48,48,0,0,48,2,2,NA,0,2,3,3,NA,0,3,2,2,0,0,2,8,8,0,0,8,4,4,NA,0,4,4,4,0,0,4,11,11,0,0,11,2,2,NA,0,2,1,1,0,0,1,0,0,0,0,0,11,11,0,0,11,0,0,NA,0,0,0,0,0,0,0
M16 [Details of deaths reported with probable causes:],'16.5.6',Number of Maternal Deaths due to Other Causes (including causes not known),TOTAL,144,117,27,29,115,7,7,NA,0,7,4,4,NA,0,4,8,3,5,5,3,20,16,4,4,16,13,12,1,2,11,17,12,5,5,12,22,22,0,1,21,3,3,NA,0,3,3,2,1,1,2,11,8,3,3,8,24,24,0,0,24,2,1,1,1,1,10,3,7,7,3
M16 [Details of deaths reported with probable causes:],'16.6',Total Facility Based Maternal Death Reviews (FBMDR) done,TOTAL,105,94,11,13,92,9,9,NA,1,8,9,9,NA,0,9,0,0,0,0,0,0,0,0,0,0,0,0,NA,0,0,23,21,2,2,21,8,8,0,0,8,0,0,NA,0,0,1,0,1,1,0,1,1,0,0,1,46,46,0,1,45,0,0,NA,0,0,8,0,8,8,0
M16 [Details of deaths reported with probable causes:],'16.7.1',Number of Adolscent / Adult deaths due to Diarrhoeal diseases,TOTAL,93,93,0,0,93,1,1,NA,0,1,3,3,NA,0,3,2,2,0,0,2,25,25,0,0,25,1,1,NA,0,1,5,5,0,0,5,12,12,0,0,12,11,11,NA,0,11,13,13,0,0,13,8,8,0,0,8,8,8,0,0,8,1,1,NA,0,1,3,3,0,0,3
M16 [Details of deaths reported with probable causes:],'16.7.2',Number of Adolscent / Adult deaths due to Tuberculosis,TOTAL,1347,1347,0,31,1316,68,68,NA,8,60,131,131,NA,3,128,80,80,0,1,79,193,193,0,1,192,228,228,NA,3,225,79,79,0,3,76,181,181,0,0,181,22,22,NA,2,20,38,38,0,3,35,35,35,0,0,35,213,213,0,1,212,42,42,NA,1,41,37,37,0,5,32
M16 [Details of deaths reported with probable causes:],'16.7.3',Number of Adolscent / Adult deaths due to Respiratory diseases including infections (other than TB),TOTAL,2652,2652,0,210,2442,116,116,NA,50,66,352,352,NA,32,320,102,102,0,13,89,176,176,0,0,176,389,389,NA,32,357,110,110,0,14,96,292,292,0,11,281,117,117,NA,4,113,86,86,0,18,68,119,119,0,4,115,575,575,0,8,567,128,128,NA,1,127,90,90,0,23,67
M16 [Details of deaths reported with probable causes:],'16.7.4',Number of Adolscent / Adult deaths due to Other Fever Related,TOTAL,418,418,0,27,391,23,23,NA,0,23,64,64,NA,1,63,1,1,0,1,0,61,61,0,1,60,16,16,NA,1,15,20,20,0,1,19,118,118,0,21,97,6,6,NA,0,6,29,29,0,0,29,24,24,0,0,24,52,52,0,0,52,3,3,NA,1,2,1,1,0,0,1
M16 [Details of deaths reported with probable causes:],'16.7.5',Number of Adolscent / Adult deaths due to HIV/AIDS,TOTAL,851,851,0,25,826,21,21,NA,7,14,28,28,NA,0,28,44,44,0,1,43,195,195,0,0,195,139,139,NA,9,130,84,84,0,1,83,52,52,0,0,52,15,15,NA,0,15,85,85,0,5,80,33,33,0,0,33,47,47,0,0,47,33,33,NA,1,32,75,75,0,1,74
M16 [Details of deaths reported with probable causes:],'16.7.6',Number of Adolscent / Adult deaths due to Heart disease/Hypertension related,TOTAL,12877,12869,8,973,11904,937,937,NA,81,856,727,727,NA,91,636,535,535,0,11,524,1581,1581,0,81,1500,2370,2370,NA,359,2011,1137,1137,0,49,1088,620,620,0,6,614,789,789,NA,19,770,823,815,8,68,755,299,299,0,12,287,941,941,0,53,888,274,274,NA,12,262,1844,1844,0,131,1713
M16 [Details of deaths reported with probable causes:],'16.7.7',Number of Adolscent / Adult deaths due to Cancer,TOTAL,2107,2105,2,70,2037,109,109,NA,3,106,113,113,NA,4,109,72,72,0,0,72,230,230,0,4,226,292,292,NA,14,278,99,99,0,3,96,153,153,0,0,153,89,89,NA,1,88,217,215,2,2,215,114,114,0,2,112,240,240,0,0,240,148,148,NA,4,144,231,231,0,33,198
M16 [Details of deaths reported with probable causes:],'16.7.8',Number of Adolscent / Adult deaths due to Neurological disease including strokes,TOTAL,4062,4057,5,142,3920,53,53,NA,6,47,158,158,NA,11,147,72,72,0,7,65,835,835,0,2,833,612,612,NA,38,574,159,159,0,1,158,538,538,0,11,527,106,106,NA,13,93,155,150,5,15,140,142,142,0,3,139,647,647,0,2,645,199,199,NA,10,189,386,386,0,23,363
M16 [Details of deaths reported with probable causes:],'16.7.9',Number of Adolscent / Adult deaths due to Accidents/Burn cases,TOTAL,2718,2717,1,111,2607,201,201,NA,15,186,205,205,NA,9,196,132,132,0,2,130,390,390,0,6,384,322,322,NA,24,298,141,141,0,6,135,344,344,0,8,336,140,140,NA,9,131,203,202,1,11,192,111,111,0,4,107,238,238,0,7,231,102,102,NA,3,99,189,189,0,7,182
M16 [Details of deaths reported with probable causes:],'16.7.10',Number of Adolscent / Adult deaths due to Suicide,TOTAL,1908,1908,0,83,1825,165,165,NA,12,153,129,129,NA,9,120,99,99,0,5,94,211,211,0,8,203,325,325,NA,20,305,142,142,0,5,137,191,191,0,12,179,70,70,NA,2,68,173,173,0,3,170,65,65,0,0,65,97,97,0,4,93,93,93,NA,0,93,148,148,0,3,145
M16 [Details of deaths reported with probable causes:],'16.7.11',Number of Adolscent / Adult deaths due to Animal bites and stings,TOTAL,246,246,0,14,232,14,14,NA,1,13,20,20,NA,0,20,2,2,0,0,2,39,39,0,0,39,28,28,NA,9,19,24,24,0,0,24,21,21,0,0,21,8,8,NA,0,8,24,24,0,0,24,19,19,0,0,19,23,23,0,1,22,7,7,NA,0,7,17,17,0,3,14
M16 [Details of deaths reported with probable causes:],'16.7.12',Number of Adolscent / Adult deaths due to Known Acute Disease,TOTAL,3471,3471,0,189,3282,110,110,NA,36,74,162,162,NA,2,160,26,26,0,8,18,701,701,0,42,659,120,120,NA,5,115,338,338,0,0,338,329,329,0,22,307,41,41,NA,18,23,47,47,0,5,42,99,99,0,0,99,752,752,0,3,749,97,97,NA,0,97,649,649,0,48,601
M16 [Details of deaths reported with probable causes:],'16.7.13',Number of Adolscent / Adult deaths due to Known Chronic Disease,TOTAL,11520,11520,0,410,11110,298,298,NA,6,292,681,681,NA,31,650,225,225,0,26,199,1457,1457,0,61,1396,3375,3375,NA,50,3325,559,559,0,7,552,868,868,0,0,868,306,306,NA,17,289,409,409,0,21,388,417,417,0,15,402,1262,1262,0,28,1234,652,652,NA,89,563,1011,1011,0,59,952
M16 [Details of deaths reported with probable causes:],'16.7.14',Number of Adolscent / Adult deaths due to Causes not known,TOTAL,94573,94176,397,2801,91772,5890,5890,NA,78,5812,6743,6743,NA,60,6683,5364,5336,28,315,5049,11909,11909,0,189,11720,8978,8978,NA,506,8472,10302,10302,0,256,10046,5548,5548,0,10,5538,5966,5756,210,275,5691,8272,8163,109,180,8092,6141,6112,29,302,5839,6185,6185,0,134,6051,5085,5064,21,248,4837,8190,8190,0,248,7942
M16 [Details of deaths reported with probable causes:],'16.8.1',Number of Deaths due to Malaria- Plasmodium Vivax,TOTAL,61,61,0,0,61,0,0,NA,0,0,3,3,NA,0,3,3,3,0,0,3,16,16,0,0,16,3,3,NA,0,3,0,0,0,0,0,23,23,0,0,23,0,0,NA,0,0,0,0,0,0,0,5,5,0,0,5,6,6,0,0,6,2,2,NA,0,2,0,0,0,0,0
M16 [Details of deaths reported with probable causes:],'16.8.2',Number of Deaths due to Malaria- Plasmodium Falciparum,TOTAL,40,40,0,0,40,3,3,NA,0,3,4,4,NA,0,4,0,0,0,0,0,7,7,0,0,7,3,3,NA,0,3,0,0,0,0,0,1,1,0,0,1,15,15,NA,0,15,0,0,0,0,0,1,1,0,0,1,0,0,0,0,0,6,6,NA,0,6,0,0,0,0,0
M16 [Details of deaths reported with probable causes:],'16.8.3',Number of Deaths due to Kala Azar,TOTAL,0,0,0,0,0,0,0,NA,0,0,0,0,NA,0,0,0,0,0,0,0,0,0,0,0,0,0,0,NA,0,0,0,0,0,0,0,0,0,0,0,0,0,0,NA,0,0,0,0,0,0,0,0,0,0,0,0,0,0,0,0,0,0,0,NA,0,0,0,0,0,0,0
M16 [Details of deaths reported with probable causes:],'16.8.4',Number of Deaths due to Dengue,TOTAL,0,0,0,0,0,0,0,NA,0,0,0,0,NA,0,0,0,0,0,0,0,0,0,0,0,0,0,0,NA,0,0,0,0,0,0,0,0,0,0,0,0,0,0,NA,0,0,0,0,0,0,0,0,0,0,0,0,0,0,0,0,0,0,0,NA,0,0,0,0,0,0,0
M16 [Details of deaths reported with probable causes:],'16.8.5',Number of Deaths due to Acute Encephelitis Syndrome (AES),TOTAL,4,4,0,0,4,0,0,NA,0,0,3,3,NA,0,3,0,0,0,0,0,0,0,0,0,0,0,0,NA,0,0,0,0,0,0,0,1,1,0,0,1,0,0,NA,0,0,0,0,0,0,0,0,0,0,0,0,0,0,0,0,0,0,0,NA,0,0,0,0,0,0,0
M16 [Details of deaths reported with probable causes:],'16.8.6',Number of Deaths due to Japanese Encephalitis (JE),TOTAL,6,6,0,6,0,0,0,NA,0,0,0,0,NA,0,0,0,0,0,0,0,6,6,0,6,0,0,0,NA,0,0,0,0,0,0,0,0,0,0,0,0,0,0,NA,0,0,0,0,0,0,0,0,0,0,0,0,0,0,0,0,0,0,0,NA,0,0,0,0,0,0,0
M17 [Vaccines],'17.1',Vaccine - DPT,1. Balance From Previous Month,702960,NA,NA,NA,NA,103620,NA,NA,NA,NA,72410,NA,NA,NA,NA,27080,NA,NA,NA,NA,61620,NA,NA,NA,NA,35800,NA,NA,NA,NA,46950,NA,NA,NA,NA,113510,NA,NA,NA,NA,47110,NA,NA,NA,NA,83180,NA,NA,NA,NA,5420,NA,NA,NA,NA,44980,NA,NA,NA,NA,28600,NA,NA,NA,NA,32680,NA,NA,NA,NA
M17 [Vaccines],17.1',Vaccine - DPT,2. Stocks Received,984260,NA,NA,NA,NA,88900,NA,NA,NA,NA,65000,NA,NA,NA,NA,35000,NA,NA,NA,NA,107500,NA,NA,NA,NA,90000,NA,NA,NA,NA,90000,NA,NA,NA,NA,90000,NA,NA,NA,NA,65960,NA,NA,NA,NA,85000,NA,NA,NA,NA,48700,NA,NA,NA,NA,96500,NA,NA,NA,NA,46700,NA,NA,NA,NA,75000,NA,NA,NA,NA
M17 [Vaccines],17.1',Vaccine - DPT,3. Unusable Stock,314170,NA,NA,NA,NA,0,NA,NA,NA,NA,0,NA,NA,NA,NA,0,NA,NA,NA,NA,68740,NA,NA,NA,NA,125800,NA,NA,NA,NA,0,NA,NA,NA,NA,119630,NA,NA,NA,NA,0,NA,NA,NA,NA,0,NA,NA,NA,NA,0,NA,NA,NA,NA,0,NA,NA,NA,NA,NA,NA,NA,NA,NA,0,NA,NA,NA,NA
M17 [Vaccines],17.1',Vaccine - DPT,4. Stock Distributed,915630,NA,NA,NA,NA,92760,NA,NA,NA,NA,64890,NA,NA,NA,NA,42750,NA,NA,NA,NA,99900,NA,NA,NA,NA,83610,NA,NA,NA,NA,76020,NA,NA,NA,NA,92880,NA,NA,NA,NA,52490,NA,NA,NA,NA,57100,NA,NA,NA,NA,58770,NA,NA,NA,NA,80070,NA,NA,NA,NA,46600,NA,NA,NA,NA,67790,NA,NA,NA,NA
M17 [Vaccines],17.1',Vaccine - DPT,5. Total Stock,457420,NA,NA,NA,NA,99760,NA,NA,NA,NA,72520,NA,NA,NA,NA,19330,NA,NA,NA,NA,480,NA,NA,NA,NA,-83610,NA,NA,NA,NA,60930,NA,NA,NA,NA,-9000,NA,NA,NA,NA,60580,NA,NA,NA,NA,111080,NA,NA,NA,NA,-4650,NA,NA,NA,NA,61410,NA,NA,NA,NA,28700,NA,NA,NA,NA,39890,NA,NA,NA,NA
M17 [Vaccines],'17.2',Vaccine - Pentavalent,1. Balance From Previous Month,2303030,NA,NA,NA,NA,206540,NA,NA,NA,NA,218540,NA,NA,NA,NA,63390,NA,NA,NA,NA,141770,NA,NA,NA,NA,82050,NA,NA,NA,NA,337850,NA,NA,NA,NA,290890,NA,NA,NA,NA,93840,NA,NA,NA,NA,307230,NA,NA,NA,NA,64730,NA,NA,NA,NA,199210,NA,NA,NA,NA,100770,NA,NA,NA,NA,196220,NA,NA,NA,NA
M17 [Vaccines],17.2',Vaccine - Pentavalent,2. Stocks Received,1403730,NA,NA,NA,NA,20000,NA,NA,NA,NA,123680,NA,NA,NA,NA,63160,NA,NA,NA,NA,164720,NA,NA,NA,NA,142000,NA,NA,NA,NA,137600,NA,NA,NA,NA,174000,NA,NA,NA,NA,86200,NA,NA,NA,NA,89250,NA,NA,NA,NA,91300,NA,NA,NA,NA,129500,NA,NA,NA,NA,67600,NA,NA,NA,NA,114720,NA,NA,NA,NA
M17 [Vaccines],17.2',Vaccine - Pentavalent,3. Unusable Stock,686640,NA,NA,NA,NA,0,NA,NA,NA,NA,0,NA,NA,NA,NA,0,NA,NA,NA,NA,152960,NA,NA,NA,NA,224050,NA,NA,NA,NA,170,NA,NA,NA,NA,309460,NA,NA,NA,NA,0,NA,NA,NA,NA,0,NA,NA,NA,NA,0,NA,NA,NA,NA,0,NA,NA,NA,NA,NA,NA,NA,NA,NA,0,NA,NA,NA,NA
M17 [Vaccines],17.2',Vaccine - Pentavalent,4. Stock Distributed,1400430,NA,NA,NA,NA,86600,NA,NA,NA,NA,126780,NA,NA,NA,NA,81160,NA,NA,NA,NA,153610,NA,NA,NA,NA,117650,NA,NA,NA,NA,100460,NA,NA,NA,NA,155430,NA,NA,NA,NA,84930,NA,NA,NA,NA,88990,NA,NA,NA,NA,87760,NA,NA,NA,NA,121350,NA,NA,NA,NA,76000,NA,NA,NA,NA,119710,NA,NA,NA,NA
M17 [Vaccines],17.2',Vaccine - Pentavalent,5. Total Stock,1619690,NA,NA,NA,NA,139940,NA,NA,NA,NA,215440,NA,NA,NA,NA,45390,NA,NA,NA,NA,-80,NA,NA,NA,NA,-117650,NA,NA,NA,NA,374820,NA,NA,NA,NA,0,NA,NA,NA,NA,95110,NA,NA,NA,NA,307490,NA,NA,NA,NA,68270,NA,NA,NA,NA,207360,NA,NA,NA,NA,92370,NA,NA,NA,NA,191230,NA,NA,NA,NA
M17 [Vaccines],'17.3',Vaccine - OPV,1. Balance From Previous Month,3237380,NA,NA,NA,NA,212620,NA,NA,NA,NA,362940,NA,NA,NA,NA,166360,NA,NA,NA,NA,218710,NA,NA,NA,NA,100580,NA,NA,NA,NA,318740,NA,NA,NA,NA,296640,NA,NA,NA,NA,211120,NA,NA,NA,NA,372180,NA,NA,NA,NA,129400,NA,NA,NA,NA,332900,NA,NA,NA,NA,263800,NA,NA,NA,NA,251390,NA,NA,NA,NA
M17 [Vaccines],17.3',Vaccine - OPV,2. Stocks Received,2495520,NA,NA,NA,NA,180000,NA,NA,NA,NA,194000,NA,NA,NA,NA,82000,NA,NA,NA,NA,277980,NA,NA,NA,NA,221500,NA,NA,NA,NA,235000,NA,NA,NA,NA,230000,NA,NA,NA,NA,116000,NA,NA,NA,NA,184000,NA,NA,NA,NA,135000,NA,NA,NA,NA,304500,NA,NA,NA,NA,135000,NA,NA,NA,NA,200540,NA,NA,NA,NA
M17 [Vaccines],17.3',Vaccine - OPV,3. Unusable Stock,810890,NA,NA,NA,NA,0,NA,NA,NA,NA,0,NA,NA,NA,NA,0,NA,NA,NA,NA,227610,NA,NA,NA,NA,322080,NA,NA,NA,NA,0,NA,NA,NA,NA,261200,NA,NA,NA,NA,0,NA,NA,NA,NA,0,NA,NA,NA,NA,0,NA,NA,NA,NA,0,NA,NA,NA,NA,NA,NA,NA,NA,NA,0,NA,NA,NA,NA
M17 [Vaccines],17.3',Vaccine - OPV,4. Stock Distributed,2461330,NA,NA,NA,NA,208180,NA,NA,NA,NA,196640,NA,NA,NA,NA,113300,NA,NA,NA,NA,269040,NA,NA,NA,NA,174000,NA,NA,NA,NA,185480,NA,NA,NA,NA,265440,NA,NA,NA,NA,137860,NA,NA,NA,NA,166180,NA,NA,NA,NA,153120,NA,NA,NA,NA,253700,NA,NA,NA,NA,146300,NA,NA,NA,NA,192090,NA,NA,NA,NA
M17 [Vaccines],17.3',Vaccine - OPV,5. Total Stock,2460680,NA,NA,NA,NA,184440,NA,NA,NA,NA,360300,NA,NA,NA,NA,135060,NA,NA,NA,NA,40,NA,NA,NA,NA,-174000,NA,NA,NA,NA,368260,NA,NA,NA,NA,0,NA,NA,NA,NA,189260,NA,NA,NA,NA,390000,NA,NA,NA,NA,111280,NA,NA,NA,NA,383700,NA,NA,NA,NA,252500,NA,NA,NA,NA,259840,NA,NA,NA,NA
M17 [Vaccines],'17.4',Vaccine - TT,1. Balance From Previous Month,386230,NA,NA,NA,NA,15860,NA,NA,NA,NA,36330,NA,NA,NA,NA,7690,NA,NA,NA,NA,97140,NA,NA,NA,NA,18930,NA,NA,NA,NA,55790,NA,NA,NA,NA,0,NA,NA,NA,NA,10890,NA,NA,NA,NA,0,NA,NA,NA,NA,3480,NA,NA,NA,NA,47520,NA,NA,NA,NA,0,NA,NA,NA,NA,92600,NA,NA,NA,NA
M17 [Vaccines],17.4',Vaccine - TT,2. Stocks Received,1189920,NA,NA,NA,NA,0,NA,NA,NA,NA,237040,NA,NA,NA,NA,71680,NA,NA,NA,NA,216880,NA,NA,NA,NA,155680,NA,NA,NA,NA,165440,NA,NA,NA,NA,0,NA,NA,NA,NA,48960,NA,NA,NA,NA,0,NA,NA,NA,NA,91440,NA,NA,NA,NA,40320,NA,NA,NA,NA,0,NA,NA,NA,NA,162480,NA,NA,NA,NA
M17 [Vaccines],17.4',Vaccine - TT,3. Unusable Stock,308900,NA,NA,NA,NA,0,NA,NA,NA,NA,0,NA,NA,NA,NA,0,NA,NA,NA,NA,134280,NA,NA,NA,NA,174610,NA,NA,NA,NA,10,NA,NA,NA,NA,0,NA,NA,NA,NA,0,NA,NA,NA,NA,0,NA,NA,NA,NA,0,NA,NA,NA,NA,0,NA,NA,NA,NA,NA,NA,NA,NA,NA,0,NA,NA,NA,NA
M17 [Vaccines],17.4',Vaccine - TT,4. Stock Distributed,903980,NA,NA,NA,NA,13900,NA,NA,NA,NA,119130,NA,NA,NA,NA,58480,NA,NA,NA,NA,179240,NA,NA,NA,NA,111670,NA,NA,NA,NA,116470,NA,NA,NA,NA,0,NA,NA,NA,NA,51070,NA,NA,NA,NA,0,NA,NA,NA,NA,83630,NA,NA,NA,NA,40320,NA,NA,NA,NA,0,NA,NA,NA,NA,130070,NA,NA,NA,NA
M17 [Vaccines],17.4',Vaccine - TT,5. Total Stock,363270,NA,NA,NA,NA,1960,NA,NA,NA,NA,154240,NA,NA,NA,NA,20890,NA,NA,NA,NA,500,NA,NA,NA,NA,-111670,NA,NA,NA,NA,104750,NA,NA,NA,NA,0,NA,NA,NA,NA,8780,NA,NA,NA,NA,0,NA,NA,NA,NA,11290,NA,NA,NA,NA,47520,NA,NA,NA,NA,0,NA,NA,NA,NA,125010,NA,NA,NA,NA
M17 [Vaccines],'17.5',Vaccine - DT,1. Balance From Previous Month,330140,NA,NA,NA,NA,111020,NA,NA,NA,NA,0,NA,NA,NA,NA,0,NA,NA,NA,NA,0,NA,NA,NA,NA,0,NA,NA,NA,NA,0,NA,NA,NA,NA,127990,NA,NA,NA,NA,0,NA,NA,NA,NA,74930,NA,NA,NA,NA,0,NA,NA,NA,NA,0,NA,NA,NA,NA,16200,NA,NA,NA,NA,0,NA,NA,NA,NA
M17 [Vaccines],17.5',Vaccine - DT,2. Stocks Received,449520,NA,NA,NA,NA,116480,NA,NA,NA,NA,0,NA,NA,NA,NA,0,NA,NA,NA,NA,0,NA,NA,NA,NA,0,NA,NA,NA,NA,0,NA,NA,NA,NA,102000,NA,NA,NA,NA,0,NA,NA,NA,NA,137040,NA,NA,NA,NA,0,NA,NA,NA,NA,0,NA,NA,NA,NA,94000,NA,NA,NA,NA,0,NA,NA,NA,NA
M17 [Vaccines],17.5',Vaccine - DT,3. Unusable Stock,113650,NA,NA,NA,NA,0,NA,NA,NA,NA,0,NA,NA,NA,NA,0,NA,NA,NA,NA,0,NA,NA,NA,NA,0,NA,NA,NA,NA,0,NA,NA,NA,NA,113650,NA,NA,NA,NA,0,NA,NA,NA,NA,0,NA,NA,NA,NA,0,NA,NA,NA,NA,0,NA,NA,NA,NA,NA,NA,NA,NA,NA,0,NA,NA,NA,NA
M17 [Vaccines],17.5',Vaccine - DT,4. Stock Distributed,406780,NA,NA,NA,NA,111660,NA,NA,NA,NA,0,NA,NA,NA,NA,0,NA,NA,NA,NA,0,NA,NA,NA,NA,0,NA,NA,NA,NA,0,NA,NA,NA,NA,116340,NA,NA,NA,NA,0,NA,NA,NA,NA,99040,NA,NA,NA,NA,0,NA,NA,NA,NA,0,NA,NA,NA,NA,79740,NA,NA,NA,NA,0,NA,NA,NA,NA
M17 [Vaccines],17.5',Vaccine - DT,5. Total Stock,259230,NA,NA,NA,NA,115840,NA,NA,NA,NA,0,NA,NA,NA,NA,0,NA,NA,NA,NA,0,NA,NA,NA,NA,0,NA,NA,NA,NA,0,NA,NA,NA,NA,0,NA,NA,NA,NA,0,NA,NA,NA,NA,112930,NA,NA,NA,NA,0,NA,NA,NA,NA,0,NA,NA,NA,NA,30460,NA,NA,NA,NA,0,NA,NA,NA,NA
M17 [Vaccines],'17.6',Vaccine - BCG,1. Balance From Previous Month,1970390,NA,NA,NA,NA,139350,NA,NA,NA,NA,185380,NA,NA,NA,NA,74630,NA,NA,NA,NA,146170,NA,NA,NA,NA,99660,NA,NA,NA,NA,201550,NA,NA,NA,NA,281020,NA,NA,NA,NA,86530,NA,NA,NA,NA,138050,NA,NA,NA,NA,114900,NA,NA,NA,NA,254960,NA,NA,NA,NA,77510,NA,NA,NA,NA,170680,NA,NA,NA,NA
M17 [Vaccines],17.6',Vaccine - BCG,2. Stocks Received,1104090,NA,NA,NA,NA,42000,NA,NA,NA,NA,69000,NA,NA,NA,NA,56000,NA,NA,NA,NA,126000,NA,NA,NA,NA,120050,NA,NA,NA,NA,84000,NA,NA,NA,NA,114040,NA,NA,NA,NA,56000,NA,NA,NA,NA,98000,NA,NA,NA,NA,70000,NA,NA,NA,NA,124000,NA,NA,NA,NA,51000,NA,NA,NA,NA,94000,NA,NA,NA,NA
M17 [Vaccines],17.6',Vaccine - BCG,3. Unusable Stock,650050,NA,NA,NA,NA,0,NA,NA,NA,NA,0,NA,NA,NA,NA,0,NA,NA,NA,NA,167920,NA,NA,NA,NA,219710,NA,NA,NA,NA,0,NA,NA,NA,NA,262420,NA,NA,NA,NA,0,NA,NA,NA,NA,0,NA,NA,NA,NA,0,NA,NA,NA,NA,0,NA,NA,NA,NA,NA,NA,NA,NA,NA,0,NA,NA,NA,NA
M17 [Vaccines],17.6',Vaccine - BCG,4. Stock Distributed,1095270,NA,NA,NA,NA,89170,NA,NA,NA,NA,77780,NA,NA,NA,NA,67600,NA,NA,NA,NA,104250,NA,NA,NA,NA,109740,NA,NA,NA,NA,83100,NA,NA,NA,NA,109110,NA,NA,NA,NA,51490,NA,NA,NA,NA,77570,NA,NA,NA,NA,76190,NA,NA,NA,NA,108580,NA,NA,NA,NA,52000,NA,NA,NA,NA,88690,NA,NA,NA,NA
M17 [Vaccines],17.6',Vaccine - BCG,5. Total Stock,1329160,NA,NA,NA,NA,92180,NA,NA,NA,NA,176600,NA,NA,NA,NA,63030,NA,NA,NA,NA,0,NA,NA,NA,NA,-109740,NA,NA,NA,NA,202450,NA,NA,NA,NA,23530,NA,NA,NA,NA,91040,NA,NA,NA,NA,158480,NA,NA,NA,NA,108710,NA,NA,NA,NA,270380,NA,NA,NA,NA,76510,NA,NA,NA,NA,175990,NA,NA,NA,NA
M17 [Vaccines],'17.7',Vaccine - Measles,1. Balance From Previous Month,0,NA,NA,NA,NA,0,NA,NA,NA,NA,0,NA,NA,NA,NA,0,NA,NA,NA,NA,0,NA,NA,NA,NA,0,NA,NA,NA,NA,0,NA,NA,NA,NA,0,NA,NA,NA,NA,0,NA,NA,NA,NA,0,NA,NA,NA,NA,0,NA,NA,NA,NA,0,NA,NA,NA,NA,0,NA,NA,NA,NA,0,NA,NA,NA,NA
M17 [Vaccines],17.7',Vaccine - Measles,2. Stocks Received,0,NA,NA,NA,NA,0,NA,NA,NA,NA,0,NA,NA,NA,NA,0,NA,NA,NA,NA,0,NA,NA,NA,NA,0,NA,NA,NA,NA,0,NA,NA,NA,NA,0,NA,NA,NA,NA,0,NA,NA,NA,NA,0,NA,NA,NA,NA,0,NA,NA,NA,NA,0,NA,NA,NA,NA,0,NA,NA,NA,NA,0,NA,NA,NA,NA
M17 [Vaccines],17.7',Vaccine - Measles,3. Unusable Stock,0,NA,NA,NA,NA,0,NA,NA,NA,NA,0,NA,NA,NA,NA,0,NA,NA,NA,NA,0,NA,NA,NA,NA,0,NA,NA,NA,NA,0,NA,NA,NA,NA,0,NA,NA,NA,NA,0,NA,NA,NA,NA,0,NA,NA,NA,NA,0,NA,NA,NA,NA,0,NA,NA,NA,NA,0,NA,NA,NA,NA,0,NA,NA,NA,NA
M17 [Vaccines],17.7',Vaccine - Measles,4. Stock Distributed,0,NA,NA,NA,NA,0,NA,NA,NA,NA,0,NA,NA,NA,NA,0,NA,NA,NA,NA,0,NA,NA,NA,NA,0,NA,NA,NA,NA,0,NA,NA,NA,NA,0,NA,NA,NA,NA,0,NA,NA,NA,NA,0,NA,NA,NA,NA,0,NA,NA,NA,NA,0,NA,NA,NA,NA,0,NA,NA,NA,NA,0,NA,NA,NA,NA
M17 [Vaccines],17.7',Vaccine - Measles,5. Total Stock,0,NA,NA,NA,NA,0,NA,NA,NA,NA,0,NA,NA,NA,NA,0,NA,NA,NA,NA,0,NA,NA,NA,NA,0,NA,NA,NA,NA,0,NA,NA,NA,NA,0,NA,NA,NA,NA,0,NA,NA,NA,NA,0,NA,NA,NA,NA,0,NA,NA,NA,NA,0,NA,NA,NA,NA,0,NA,NA,NA,NA,0,NA,NA,NA,NA
M17 [Vaccines],'17.8',Vaccine - JE,1. Balance From Previous Month,680740,NA,NA,NA,NA,0,NA,NA,NA,NA,159280,NA,NA,NA,NA,0,NA,NA,NA,NA,41200,NA,NA,NA,NA,0,NA,NA,NA,NA,188380,NA,NA,NA,NA,211250,NA,NA,NA,NA,65130,NA,NA,NA,NA,0,NA,NA,NA,NA,0,NA,NA,NA,NA,0,NA,NA,NA,NA,0,NA,NA,NA,NA,15500,NA,NA,NA,NA
M17 [Vaccines],17.8',Vaccine - JE,2. Stocks Received,443500,NA,NA,NA,NA,0,NA,NA,NA,NA,110000,NA,NA,NA,NA,0,NA,NA,NA,NA,8000,NA,NA,NA,NA,0,NA,NA,NA,NA,129500,NA,NA,NA,NA,120000,NA,NA,NA,NA,70000,NA,NA,NA,NA,0,NA,NA,NA,NA,0,NA,NA,NA,NA,0,NA,NA,NA,NA,0,NA,NA,NA,NA,6000,NA,NA,NA,NA
M17 [Vaccines],17.8',Vaccine - JE,3. Unusable Stock,272550,NA,NA,NA,NA,0,NA,NA,NA,NA,0,NA,NA,NA,NA,0,NA,NA,NA,NA,38510,NA,NA,NA,NA,0,NA,NA,NA,NA,12100,NA,NA,NA,NA,221940,NA,NA,NA,NA,0,NA,NA,NA,NA,0,NA,NA,NA,NA,0,NA,NA,NA,NA,0,NA,NA,NA,NA,NA,NA,NA,NA,NA,0,NA,NA,NA,NA
M17 [Vaccines],17.8',Vaccine - JE,4. Stock Distributed,448975,NA,NA,NA,NA,0,NA,NA,NA,NA,120305,NA,NA,NA,NA,0,NA,NA,NA,NA,10690,NA,NA,NA,NA,0,NA,NA,NA,NA,129860,NA,NA,NA,NA,118300,NA,NA,NA,NA,67320,NA,NA,NA,NA,0,NA,NA,NA,NA,0,NA,NA,NA,NA,0,NA,NA,NA,NA,0,NA,NA,NA,NA,2500,NA,NA,NA,NA
M17 [Vaccines],17.8',Vaccine - JE,5. Total Stock,402715,NA,NA,NA,NA,0,NA,NA,NA,NA,148975,NA,NA,NA,NA,0,NA,NA,NA,NA,0,NA,NA,NA,NA,0,NA,NA,NA,NA,175920,NA,NA,NA,NA,-8990,NA,NA,NA,NA,67810,NA,NA,NA,NA,0,NA,NA,NA,NA,0,NA,NA,NA,NA,0,NA,NA,NA,NA,0,NA,NA,NA,NA,19000,NA,NA,NA,NA
M17 [Vaccines],'17.9',Vaccine - Hepatitis B,1. Balance From Previous Month,678580,NA,NA,NA,NA,57930,NA,NA,NA,NA,57350,NA,NA,NA,NA,31240,NA,NA,NA,NA,66910,NA,NA,NA,NA,26740,NA,NA,NA,NA,61340,NA,NA,NA,NA,83270,NA,NA,NA,NA,34570,NA,NA,NA,NA,63450,NA,NA,NA,NA,29310,NA,NA,NA,NA,94720,NA,NA,NA,NA,42540,NA,NA,NA,NA,29210,NA,NA,NA,NA
M17 [Vaccines],17.9',Vaccine - Hepatitis B,2. Stocks Received,486560,NA,NA,NA,NA,25000,NA,NA,NA,NA,49100,NA,NA,NA,NA,16000,NA,NA,NA,NA,68200,NA,NA,NA,NA,40000,NA,NA,NA,NA,51700,NA,NA,NA,NA,43000,NA,NA,NA,NA,19000,NA,NA,NA,NA,37000,NA,NA,NA,NA,19660,NA,NA,NA,NA,57000,NA,NA,NA,NA,24900,NA,NA,NA,NA,36000,NA,NA,NA,NA
M17 [Vaccines],17.9',Vaccine - Hepatitis B,3. Unusable Stock,248770,NA,NA,NA,NA,0,NA,NA,NA,NA,0,NA,NA,NA,NA,0,NA,NA,NA,NA,96810,NA,NA,NA,NA,66740,NA,NA,NA,NA,0,NA,NA,NA,NA,85220,NA,NA,NA,NA,0,NA,NA,NA,NA,0,NA,NA,NA,NA,0,NA,NA,NA,NA,0,NA,NA,NA,NA,NA,NA,NA,NA,NA,0,NA,NA,NA,NA
M17 [Vaccines],17.9',Vaccine - Hepatitis B,4. Stock Distributed,381980,NA,NA,NA,NA,22990,NA,NA,NA,NA,46070,NA,NA,NA,NA,17590,NA,NA,NA,NA,38300,NA,NA,NA,NA,27860,NA,NA,NA,NA,39260,NA,NA,NA,NA,41050,NA,NA,NA,NA,17370,NA,NA,NA,NA,20430,NA,NA,NA,NA,17910,NA,NA,NA,NA,39330,NA,NA,NA,NA,24420,NA,NA,NA,NA,29400,NA,NA,NA,NA
M17 [Vaccines],17.9',Vaccine - Hepatitis B,5. Total Stock,734790,NA,NA,NA,NA,51890,NA,NA,NA,NA,60380,NA,NA,NA,NA,40000,NA,NA,NA,NA,135110,NA,NA,NA,NA,35130,NA,NA,NA,NA,73780,NA,NA,NA,NA,0,NA,NA,NA,NA,36200,NA,NA,NA,NA,80020,NA,NA,NA,NA,31060,NA,NA,NA,NA,112390,NA,NA,NA,NA,43020,NA,NA,NA,NA,35810,NA,NA,NA,NA
M17 [Vaccines],'17.10',Vaccine - Typhoid,1. Balance From Previous Month,0,NA,NA,NA,NA,0,NA,NA,NA,NA,0,NA,NA,NA,NA,0,NA,NA,NA,NA,0,NA,NA,NA,NA,0,NA,NA,NA,NA,0,NA,NA,NA,NA,0,NA,NA,NA,NA,0,NA,NA,NA,NA,0,NA,NA,NA,NA,0,NA,NA,NA,NA,0,NA,NA,NA,NA,0,NA,NA,NA,NA,0,NA,NA,NA,NA
M17 [Vaccines],17.10',Vaccine - Typhoid,2. Stocks Received,0,NA,NA,NA,NA,0,NA,NA,NA,NA,0,NA,NA,NA,NA,0,NA,NA,NA,NA,0,NA,NA,NA,NA,0,NA,NA,NA,NA,0,NA,NA,NA,NA,0,NA,NA,NA,NA,0,NA,NA,NA,NA,0,NA,NA,NA,NA,0,NA,NA,NA,NA,0,NA,NA,NA,NA,0,NA,NA,NA,NA,0,NA,NA,NA,NA
M17 [Vaccines],17.10',Vaccine - Typhoid,3. Unusable Stock,0,NA,NA,NA,NA,0,NA,NA,NA,NA,0,NA,NA,NA,NA,0,NA,NA,NA,NA,0,NA,NA,NA,NA,0,NA,NA,NA,NA,0,NA,NA,NA,NA,0,NA,NA,NA,NA,0,NA,NA,NA,NA,0,NA,NA,NA,NA,0,NA,NA,NA,NA,0,NA,NA,NA,NA,NA,NA,NA,NA,NA,0,NA,NA,NA,NA
M17 [Vaccines],17.10',Vaccine - Typhoid,4. Stock Distributed,0,NA,NA,NA,NA,0,NA,NA,NA,NA,0,NA,NA,NA,NA,0,NA,NA,NA,NA,0,NA,NA,NA,NA,0,NA,NA,NA,NA,0,NA,NA,NA,NA,0,NA,NA,NA,NA,0,NA,NA,NA,NA,0,NA,NA,NA,NA,0,NA,NA,NA,NA,0,NA,NA,NA,NA,0,NA,NA,NA,NA,0,NA,NA,NA,NA
M17 [Vaccines],17.10',Vaccine - Typhoid,5. Total Stock,0,NA,NA,NA,NA,0,NA,NA,NA,NA,0,NA,NA,NA,NA,0,NA,NA,NA,NA,0,NA,NA,NA,NA,0,NA,NA,NA,NA,0,NA,NA,NA,NA,0,NA,NA,NA,NA,0,NA,NA,NA,NA,0,NA,NA,NA,NA,0,NA,NA,NA,NA,0,NA,NA,NA,NA,0,NA,NA,NA,NA,0,NA,NA,NA,NA
M17 [Vaccines],'17.11',Vaccine - Vitamin K,1. Balance From Previous Month,0,NA,NA,NA,NA,0,NA,NA,NA,NA,0,NA,NA,NA,NA,0,NA,NA,NA,NA,0,NA,NA,NA,NA,0,NA,NA,NA,NA,0,NA,NA,NA,NA,0,NA,NA,NA,NA,0,NA,NA,NA,NA,0,NA,NA,NA,NA,0,NA,NA,NA,NA,0,NA,NA,NA,NA,0,NA,NA,NA,NA,0,NA,NA,NA,NA
M17 [Vaccines],17.11',Vaccine - Vitamin K,2. Stocks Received,0,NA,NA,NA,NA,0,NA,NA,NA,NA,0,NA,NA,NA,NA,0,NA,NA,NA,NA,0,NA,NA,NA,NA,0,NA,NA,NA,NA,0,NA,NA,NA,NA,0,NA,NA,NA,NA,0,NA,NA,NA,NA,0,NA,NA,NA,NA,0,NA,NA,NA,NA,0,NA,NA,NA,NA,0,NA,NA,NA,NA,0,NA,NA,NA,NA
M17 [Vaccines],17.11',Vaccine - Vitamin K,3. Unusable Stock,0,NA,NA,NA,NA,0,NA,NA,NA,NA,0,NA,NA,NA,NA,0,NA,NA,NA,NA,0,NA,NA,NA,NA,0,NA,NA,NA,NA,0,NA,NA,NA,NA,0,NA,NA,NA,NA,0,NA,NA,NA,NA,0,NA,NA,NA,NA,0,NA,NA,NA,NA,0,NA,NA,NA,NA,NA,NA,NA,NA,NA,0,NA,NA,NA,NA
M17 [Vaccines],17.11',Vaccine - Vitamin K,4. Stock Distributed,0,NA,NA,NA,NA,0,NA,NA,NA,NA,0,NA,NA,NA,NA,0,NA,NA,NA,NA,0,NA,NA,NA,NA,0,NA,NA,NA,NA,0,NA,NA,NA,NA,0,NA,NA,NA,NA,0,NA,NA,NA,NA,0,NA,NA,NA,NA,0,NA,NA,NA,NA,0,NA,NA,NA,NA,0,NA,NA,NA,NA,0,NA,NA,NA,NA
M17 [Vaccines],17.11',Vaccine - Vitamin K,5. Total Stock,0,NA,NA,NA,NA,0,NA,NA,NA,NA,0,NA,NA,NA,NA,0,NA,NA,NA,NA,0,NA,NA,NA,NA,0,NA,NA,NA,NA,0,NA,NA,NA,NA,0,NA,NA,NA,NA,0,NA,NA,NA,NA,0,NA,NA,NA,NA,0,NA,NA,NA,NA,0,NA,NA,NA,NA,0,NA,NA,NA,NA,0,NA,NA,NA,NA
M17 [Vaccines],'17.12',Rotavirus,1. Balance From Previous Month,1105940,NA,NA,NA,NA,159300,NA,NA,NA,NA,10670,NA,NA,NA,NA,32940,NA,NA,NA,NA,104570,NA,NA,NA,NA,57130,NA,NA,NA,NA,73810,NA,NA,NA,NA,179170,NA,NA,NA,NA,14920,NA,NA,NA,NA,96980,NA,NA,NA,NA,80320,NA,NA,NA,NA,136930,NA,NA,NA,NA,92590,NA,NA,NA,NA,66610,NA,NA,NA,NA
M17 [Vaccines],17.12',Rotavirus,2. Stocks Received,2010920,NA,NA,NA,NA,125230,NA,NA,NA,NA,169200,NA,NA,NA,NA,118600,NA,NA,NA,NA,166800,NA,NA,NA,NA,211800,NA,NA,NA,NA,167600,NA,NA,NA,NA,136800,NA,NA,NA,NA,143200,NA,NA,NA,NA,143000,NA,NA,NA,NA,131890,NA,NA,NA,NA,204500,NA,NA,NA,NA,136500,NA,NA,NA,NA,155800,NA,NA,NA,NA
M17 [Vaccines],17.12',Rotavirus,3. Unusable Stock,537030,NA,NA,NA,NA,0,NA,NA,NA,NA,0,NA,NA,NA,NA,0,NA,NA,NA,NA,107790,NA,NA,NA,NA,268930,NA,NA,NA,NA,0,NA,NA,NA,NA,160310,NA,NA,NA,NA,0,NA,NA,NA,NA,0,NA,NA,NA,NA,0,NA,NA,NA,NA,0,NA,NA,NA,NA,NA,NA,NA,NA,NA,0,NA,NA,NA,NA
M17 [Vaccines],17.12',Rotavirus,4. Stock Distributed,1932070,NA,NA,NA,NA,155230,NA,NA,NA,NA,168930,NA,NA,NA,NA,122500,NA,NA,NA,NA,163610,NA,NA,NA,NA,178920,NA,NA,NA,NA,142390,NA,NA,NA,NA,155660,NA,NA,NA,NA,139160,NA,NA,NA,NA,128140,NA,NA,NA,NA,108220,NA,NA,NA,NA,200260,NA,NA,NA,NA,131830,NA,NA,NA,NA,137220,NA,NA,NA,NA
M17 [Vaccines],17.12',Rotavirus,5. Total Stock,1257690,NA,NA,NA,NA,129300,NA,NA,NA,NA,10940,NA,NA,NA,NA,151540,NA,NA,NA,NA,271400,NA,NA,NA,NA,55530,NA,NA,NA,NA,99020,NA,NA,NA,NA,NA,NA,NA,NA,NA,18960,NA,NA,NA,NA,111750,NA,NA,NA,NA,89630,NA,NA,NA,NA,137170,NA,NA,NA,NA,97260,NA,NA,NA,NA,85190,NA,NA,NA,NA
M17 [Vaccines],'17.13',Inactivated Polio Vaccine,1. Balance From Previous Month,1363107,NA,NA,NA,NA,122250,NA,NA,NA,NA,92600,NA,NA,NA,NA,20550,NA,NA,NA,NA,97850,NA,NA,NA,NA,73980,NA,NA,NA,NA,160025,NA,NA,NA,NA,136650,NA,NA,NA,NA,71450,NA,NA,NA,NA,180325,NA,NA,NA,NA,23825,NA,NA,NA,NA,218877,NA,NA,NA,NA,45625,NA,NA,NA,NA,119100,NA,NA,NA,NA
M17 [Vaccines],17.13',Inactivated Polio Vaccine,2. Stocks Received,1297550,NA,NA,NA,NA,105000,NA,NA,NA,NA,112500,NA,NA,NA,NA,66250,NA,NA,NA,NA,127500,NA,NA,NA,NA,122550,NA,NA,NA,NA,137500,NA,NA,NA,NA,120000,NA,NA,NA,NA,96250,NA,NA,NA,NA,105000,NA,NA,NA,NA,52500,NA,NA,NA,NA,128750,NA,NA,NA,NA,61250,NA,NA,NA,NA,62500,NA,NA,NA,NA
M17 [Vaccines],17.13',Inactivated Polio Vaccine,3. Unusable Stock,428904,NA,NA,NA,NA,0,NA,NA,NA,NA,0,NA,NA,NA,NA,0,NA,NA,NA,NA,94650,NA,NA,NA,NA,196529,NA,NA,NA,NA,0,NA,NA,NA,NA,137725,NA,NA,NA,NA,0,NA,NA,NA,NA,0,NA,NA,NA,NA,0,NA,NA,NA,NA,0,NA,NA,NA,NA,NA,NA,NA,NA,NA,0,NA,NA,NA,NA
M17 [Vaccines],17.13',Inactivated Polio Vaccine,4. Stock Distributed,1287765,NA,NA,NA,NA,117975,NA,NA,NA,NA,117000,NA,NA,NA,NA,71625,NA,NA,NA,NA,130700,NA,NA,NA,NA,113820,NA,NA,NA,NA,108800,NA,NA,NA,NA,122945,NA,NA,NA,NA,95225,NA,NA,NA,NA,88700,NA,NA,NA,NA,48400,NA,NA,NA,NA,124975,NA,NA,NA,NA,63825,NA,NA,NA,NA,83775,NA,NA,NA,NA
M17 [Vaccines],17.13',Inactivated Polio Vaccine,5. Total Stock,1422275,NA,NA,NA,NA,109275,NA,NA,NA,NA,88100,NA,NA,NA,NA,86800,NA,NA,NA,NA,225345,NA,NA,NA,NA,63505,NA,NA,NA,NA,188725,NA,NA,NA,NA,0,NA,NA,NA,NA,72475,NA,NA,NA,NA,196625,NA,NA,NA,NA,27925,NA,NA,NA,NA,222625,NA,NA,NA,NA,43050,NA,NA,NA,NA,97825,NA,NA,NA,NA
M17 [Vaccines],'17.14',Measles Rubella (MR),1. Balance From Previous Month,786840,NA,NA,NA,NA,126260,NA,NA,NA,NA,6550,NA,NA,NA,NA,21250,NA,NA,NA,NA,109880,NA,NA,NA,NA,10800,NA,NA,NA,NA,74910,NA,NA,NA,NA,129690,NA,NA,NA,NA,19690,NA,NA,NA,NA,92130,NA,NA,NA,NA,16280,NA,NA,NA,NA,86430,NA,NA,NA,NA,43910,NA,NA,NA,NA,49060,NA,NA,NA,NA
M17 [Vaccines],17.14',Measles Rubella (MR),2. Stocks Received,1609000,NA,NA,NA,NA,92000,NA,NA,NA,NA,120000,NA,NA,NA,NA,66000,NA,NA,NA,NA,159000,NA,NA,NA,NA,154000,NA,NA,NA,NA,172000,NA,NA,NA,NA,146000,NA,NA,NA,NA,92000,NA,NA,NA,NA,130000,NA,NA,NA,NA,99000,NA,NA,NA,NA,160000,NA,NA,NA,NA,99000,NA,NA,NA,NA,120000,NA,NA,NA,NA
M17 [Vaccines],17.14',Measles Rubella (MR),3. Unusable Stock,403510,NA,NA,NA,NA,0,NA,NA,NA,NA,0,NA,NA,NA,NA,0,NA,NA,NA,NA,112650,NA,NA,NA,NA,164800,NA,NA,NA,NA,0,NA,NA,NA,NA,126060,NA,NA,NA,NA,0,NA,NA,NA,NA,0,NA,NA,NA,NA,0,NA,NA,NA,NA,0,NA,NA,NA,NA,NA,NA,NA,NA,NA,0,NA,NA,NA,NA
M17 [Vaccines],17.14',Measles Rubella (MR),4. Stock Distributed,1549080,NA,NA,NA,NA,118280,NA,NA,NA,NA,123710,NA,NA,NA,NA,75150,NA,NA,NA,NA,156050,NA,NA,NA,NA,127250,NA,NA,NA,NA,130130,NA,NA,NA,NA,149630,NA,NA,NA,NA,98120,NA,NA,NA,NA,107140,NA,NA,NA,NA,96150,NA,NA,NA,NA,158980,NA,NA,NA,NA,100050,NA,NA,NA,NA,108440,NA,NA,NA,NA
M17 [Vaccines],17.14',Measles Rubella (MR),5. Total Stock,913140,NA,NA,NA,NA,99980,NA,NA,NA,NA,2840,NA,NA,NA,NA,87250,NA,NA,NA,NA,268880,NA,NA,NA,NA,6750,NA,NA,NA,NA,116780,NA,NA,NA,NA,NA,NA,NA,NA,NA,5610,NA,NA,NA,NA,114990,NA,NA,NA,NA,19130,NA,NA,NA,NA,87450,NA,NA,NA,NA,42860,NA,NA,NA,NA,60620,NA,NA,NA,NA
M18 [Family Planning],'18.1',IUD 380 A,1. Balance From Previous Month,102834,NA,NA,NA,NA,900,NA,NA,NA,NA,37200,NA,NA,NA,NA,14143,NA,NA,NA,NA,0,NA,NA,NA,NA,5650,NA,NA,NA,NA,0,NA,NA,NA,NA,16941,NA,NA,NA,NA,0,NA,NA,NA,NA,100,NA,NA,NA,NA,2450,NA,NA,NA,NA,0,NA,NA,NA,NA,25450,NA,NA,NA,NA,NA,NA,NA,NA,NA
M18 [Family Planning],18.1',IUD 380 A,2. Stocks Received,0,NA,NA,NA,NA,0,NA,NA,NA,NA,0,NA,NA,NA,NA,0,NA,NA,NA,NA,0,NA,NA,NA,NA,0,NA,NA,NA,NA,0,NA,NA,NA,NA,0,NA,NA,NA,NA,0,NA,NA,NA,NA,0,NA,NA,NA,NA,0,NA,NA,NA,NA,0,NA,NA,NA,NA,0,NA,NA,NA,NA,NA,NA,NA,NA,NA
M18 [Family Planning],18.1',IUD 380 A,3. Unusable Stock,5650,NA,NA,NA,NA,0,NA,NA,NA,NA,0,NA,NA,NA,NA,0,NA,NA,NA,NA,0,NA,NA,NA,NA,5650,NA,NA,NA,NA,0,NA,NA,NA,NA,0,NA,NA,NA,NA,0,NA,NA,NA,NA,0,NA,NA,NA,NA,0,NA,NA,NA,NA,0,NA,NA,NA,NA,0,NA,NA,NA,NA,NA,NA,NA,NA,NA
M18 [Family Planning],18.1',IUD 380 A,4. Stock Distributed,10894,NA,NA,NA,NA,50,NA,NA,NA,NA,3150,NA,NA,NA,NA,2344,NA,NA,NA,NA,0,NA,NA,NA,NA,1950,NA,NA,NA,NA,0,NA,NA,NA,NA,3000,NA,NA,NA,NA,0,NA,NA,NA,NA,50,NA,NA,NA,NA,250,NA,NA,NA,NA,0,NA,NA,NA,NA,100,NA,NA,NA,NA,NA,NA,NA,NA,NA
M18 [Family Planning],18.1',IUD 380 A,5. Total Stock,86290,NA,NA,NA,NA,850,NA,NA,NA,NA,34050,NA,NA,NA,NA,11799,NA,NA,NA,NA,0,NA,NA,NA,NA,-1950,NA,NA,NA,NA,0,NA,NA,NA,NA,13941,NA,NA,NA,NA,0,NA,NA,NA,NA,50,NA,NA,NA,NA,2200,NA,NA,NA,NA,0,NA,NA,NA,NA,25350,NA,NA,NA,NA,0,NA,NA,NA,NA
M18 [Family Planning],'18.2',IUD 375 A,1. Balance From Previous Month,51657,NA,NA,NA,NA,234,NA,NA,NA,NA,13750,NA,NA,NA,NA,25,NA,NA,NA,NA,9100,NA,NA,NA,NA,0,NA,NA,NA,NA,0,NA,NA,NA,NA,25828,NA,NA,NA,NA,0,NA,NA,NA,NA,0,NA,NA,NA,NA,550,NA,NA,NA,NA,1020,NA,NA,NA,NA,1150,NA,NA,NA,NA,NA,NA,NA,NA,NA
M18 [Family Planning],18.2',IUD 375 A,2. Stocks Received,0,NA,NA,NA,NA,0,NA,NA,NA,NA,0,NA,NA,NA,NA,0,NA,NA,NA,NA,0,NA,NA,NA,NA,0,NA,NA,NA,NA,0,NA,NA,NA,NA,0,NA,NA,NA,NA,0,NA,NA,NA,NA,0,NA,NA,NA,NA,0,NA,NA,NA,NA,0,NA,NA,NA,NA,0,NA,NA,NA,NA,NA,NA,NA,NA,NA
M18 [Family Planning],18.2',IUD 375 A,3. Unusable Stock,6700,NA,NA,NA,NA,0,NA,NA,NA,NA,0,NA,NA,NA,NA,0,NA,NA,NA,NA,6700,NA,NA,NA,NA,0,NA,NA,NA,NA,0,NA,NA,NA,NA,0,NA,NA,NA,NA,0,NA,NA,NA,NA,0,NA,NA,NA,NA,0,NA,NA,NA,NA,0,NA,NA,NA,NA,0,NA,NA,NA,NA,NA,NA,NA,NA,NA
M18 [Family Planning],18.2',IUD 375 A,4. Stock Distributed,9915,NA,NA,NA,NA,50,NA,NA,NA,NA,2750,NA,NA,NA,NA,25,NA,NA,NA,NA,2400,NA,NA,NA,NA,0,NA,NA,NA,NA,0,NA,NA,NA,NA,3800,NA,NA,NA,NA,0,NA,NA,NA,NA,0,NA,NA,NA,NA,250,NA,NA,NA,NA,340,NA,NA,NA,NA,300,NA,NA,NA,NA,NA,NA,NA,NA,NA
M18 [Family Planning],18.2',IUD 375 A,5. Total Stock,35042,NA,NA,NA,NA,184,NA,NA,NA,NA,11000,NA,NA,NA,NA,0,NA,NA,NA,NA,0,NA,NA,NA,NA,0,NA,NA,NA,NA,0,NA,NA,NA,NA,22028,NA,NA,NA,NA,0,NA,NA,NA,NA,0,NA,NA,NA,NA,300,NA,NA,NA,NA,680,NA,NA,NA,NA,850,NA,NA,NA,NA,0,NA,NA,NA,NA
M18 [Family Planning],'18.3',Condoms,1. Balance From Previous Month,10974722,NA,NA,NA,NA,0,NA,NA,NA,NA,590160,NA,NA,NA,NA,81840,NA,NA,NA,NA,540390,NA,NA,NA,NA,277680,NA,NA,NA,NA,5000,NA,NA,NA,NA,4802622,NA,NA,NA,NA,0,NA,NA,NA,NA,4311030,NA,NA,NA,NA,0,NA,NA,NA,NA,244080,NA,NA,NA,NA,86400,NA,NA,NA,NA,35520,NA,NA,NA,NA
M18 [Family Planning],18.3',Condoms,2. Stocks Received,1935960,NA,NA,NA,NA,0,NA,NA,NA,NA,269760,NA,NA,NA,NA,80640,NA,NA,NA,NA,285120,NA,NA,NA,NA,167040,NA,NA,NA,NA,242920,NA,NA,NA,NA,199920,NA,NA,NA,NA,0,NA,NA,NA,NA,216160,NA,NA,NA,NA,86400,NA,NA,NA,NA,215200,NA,NA,NA,NA,86400,NA,NA,NA,NA,86400,NA,NA,NA,NA
M18 [Family Planning],18.3',Condoms,3. Unusable Stock,968960,NA,NA,NA,NA,0,NA,NA,NA,NA,0,NA,NA,NA,NA,0,NA,NA,NA,NA,524240,NA,NA,NA,NA,444720,NA,NA,NA,NA,0,NA,NA,NA,NA,0,NA,NA,NA,NA,0,NA,NA,NA,NA,0,NA,NA,NA,NA,0,NA,NA,NA,NA,0,NA,NA,NA,NA,NA,NA,NA,NA,NA,NA,NA,NA,NA,NA
M18 [Family Planning],18.3',Condoms,4. Stock Distributed,2554565,NA,NA,NA,NA,0,NA,NA,NA,NA,337560,NA,NA,NA,NA,80640,NA,NA,NA,NA,294610,NA,NA,NA,NA,83880,NA,NA,NA,NA,156520,NA,NA,NA,NA,795590,NA,NA,NA,NA,0,NA,NA,NA,NA,388965,NA,NA,NA,NA,86400,NA,NA,NA,NA,215200,NA,NA,NA,NA,28800,NA,NA,NA,NA,86400,NA,NA,NA,NA
M18 [Family Planning],18.3',Condoms,5. Total Stock,9387157,NA,NA,NA,NA,0,NA,NA,NA,NA,522360,NA,NA,NA,NA,81840,NA,NA,NA,NA,6660,NA,NA,NA,NA,-83880,NA,NA,NA,NA,91400,NA,NA,NA,NA,4206952,NA,NA,NA,NA,0,NA,NA,NA,NA,4138225,NA,NA,NA,NA,0,NA,NA,NA,NA,244080,NA,NA,NA,NA,144000,NA,NA,NA,NA,35520,NA,NA,NA,NA
M18 [Family Planning],'18.4',Oral Contraceptive,1. Balance From Previous Month,768100,NA,NA,NA,NA,8758,NA,NA,NA,NA,51600,NA,NA,NA,NA,6475,NA,NA,NA,NA,142090,NA,NA,NA,NA,119800,NA,NA,NA,NA,54220,NA,NA,NA,NA,171157,NA,NA,NA,NA,8000,NA,NA,NA,NA,64900,NA,NA,NA,NA,47500,NA,NA,NA,NA,64600,NA,NA,NA,NA,11400,NA,NA,NA,NA,17600,NA,NA,NA,NA
M18 [Family Planning],18.4',Oral Contraceptive,2. Stocks Received,536732,NA,NA,NA,NA,0,NA,NA,NA,NA,90000,NA,NA,NA,NA,7000,NA,NA,NA,NA,23300,NA,NA,NA,NA,91800,NA,NA,NA,NA,43000,NA,NA,NA,NA,50432,NA,NA,NA,NA,4000,NA,NA,NA,NA,78600,NA,NA,NA,NA,24400,NA,NA,NA,NA,64400,NA,NA,NA,NA,20800,NA,NA,NA,NA,39000,NA,NA,NA,NA
M18 [Family Planning],18.4',Oral Contraceptive,3. Unusable Stock,334684,NA,NA,NA,NA,0,NA,NA,NA,NA,0,NA,NA,NA,NA,0,NA,NA,NA,NA,123084,NA,NA,NA,NA,211600,NA,NA,NA,NA,0,NA,NA,NA,NA,0,NA,NA,NA,NA,0,NA,NA,NA,NA,0,NA,NA,NA,NA,0,NA,NA,NA,NA,0,NA,NA,NA,NA,NA,NA,NA,NA,NA,NA,NA,NA,NA,NA
M18 [Family Planning],18.4',Oral Contraceptive,4. Stock Distributed,263368,NA,NA,NA,NA,775,NA,NA,NA,NA,40400,NA,NA,NA,NA,7485,NA,NA,NA,NA,32306,NA,NA,NA,NA,39600,NA,NA,NA,NA,14350,NA,NA,NA,NA,26852,NA,NA,NA,NA,0,NA,NA,NA,NA,23800,NA,NA,NA,NA,13800,NA,NA,NA,NA,38500,NA,NA,NA,NA,6000,NA,NA,NA,NA,19500,NA,NA,NA,NA
M18 [Family Planning],18.4',Oral Contraceptive,5. Total Stock,706780,NA,NA,NA,NA,7983,NA,NA,NA,NA,101200,NA,NA,NA,NA,5990,NA,NA,NA,NA,10000,NA,NA,NA,NA,-39600,NA,NA,NA,NA,82870,NA,NA,NA,NA,194737,NA,NA,NA,NA,12000,NA,NA,NA,NA,119700,NA,NA,NA,NA,58100,NA,NA,NA,NA,90500,NA,NA,NA,NA,26200,NA,NA,NA,NA,37100,NA,NA,NA,NA
M18 [Family Planning],'18.5',Emergency Contraceptive Pills,1. Balance From Previous Month,268636,NA,NA,NA,NA,2465,NA,NA,NA,NA,35600,NA,NA,NA,NA,5750,NA,NA,NA,NA,51600,NA,NA,NA,NA,47640,NA,NA,NA,NA,15400,NA,NA,NA,NA,67201,NA,NA,NA,NA,0,NA,NA,NA,NA,13000,NA,NA,NA,NA,2880,NA,NA,NA,NA,10200,NA,NA,NA,NA,100,NA,NA,NA,NA,16800,NA,NA,NA,NA
M18 [Family Planning],18.5',Emergency Contraceptive Pills,2. Stocks Received,14450,NA,NA,NA,NA,0,NA,NA,NA,NA,0,NA,NA,NA,NA,0,NA,NA,NA,NA,0,NA,NA,NA,NA,0,NA,NA,NA,NA,14400,NA,NA,NA,NA,0,NA,NA,NA,NA,0,NA,NA,NA,NA,0,NA,NA,NA,NA,0,NA,NA,NA,NA,0,NA,NA,NA,NA,50,NA,NA,NA,NA,0,NA,NA,NA,NA
M18 [Family Planning],18.5',Emergency Contraceptive Pills,3. Unusable Stock,82340,NA,NA,NA,NA,0,NA,NA,NA,NA,0,NA,NA,NA,NA,0,NA,NA,NA,NA,34700,NA,NA,NA,NA,47640,NA,NA,NA,NA,0,NA,NA,NA,NA,0,NA,NA,NA,NA,0,NA,NA,NA,NA,0,NA,NA,NA,NA,0,NA,NA,NA,NA,0,NA,NA,NA,NA,0,NA,NA,NA,NA,NA,NA,NA,NA,NA
M18 [Family Planning],18.5',Emergency Contraceptive Pills,4. Stock Distributed,65327,NA,NA,NA,NA,700,NA,NA,NA,NA,9500,NA,NA,NA,NA,4575,NA,NA,NA,NA,16900,NA,NA,NA,NA,5820,NA,NA,NA,NA,4200,NA,NA,NA,NA,8132,NA,NA,NA,NA,0,NA,NA,NA,NA,7000,NA,NA,NA,NA,2200,NA,NA,NA,NA,5100,NA,NA,NA,NA,0,NA,NA,NA,NA,1200,NA,NA,NA,NA
M18 [Family Planning],18.5',Emergency Contraceptive Pills,5. Total Stock,135419,NA,NA,NA,NA,1765,NA,NA,NA,NA,26100,NA,NA,NA,NA,1175,NA,NA,NA,NA,0,NA,NA,NA,NA,-5820,NA,NA,NA,NA,25600,NA,NA,NA,NA,59069,NA,NA,NA,NA,0,NA,NA,NA,NA,6000,NA,NA,NA,NA,680,NA,NA,NA,NA,5100,NA,NA,NA,NA,150,NA,NA,NA,NA,15600,NA,NA,NA,NA
M18 [Family Planning],'18.6',Centchroman weekly pills,1. Balance From Previous Month,1526493,NA,NA,NA,NA,3240,NA,NA,NA,NA,46700,NA,NA,NA,NA,39440,NA,NA,NA,NA,36255,NA,NA,NA,NA,366000,NA,NA,NA,NA,156000,NA,NA,NA,NA,33378,NA,NA,NA,NA,NA,NA,NA,NA,NA,246400,NA,NA,NA,NA,167200,NA,NA,NA,NA,50880,NA,NA,NA,NA,78400,NA,NA,NA,NA,302600,NA,NA,NA,NA
M18 [Family Planning],18.6',Centchroman weekly pills,2. Stocks Received,644840,NA,NA,NA,NA,0,NA,NA,NA,NA,101600,NA,NA,NA,NA,4800,NA,NA,NA,NA,15000,NA,NA,NA,NA,129600,NA,NA,NA,NA,91200,NA,NA,NA,NA,8400,NA,NA,NA,NA,NA,NA,NA,NA,NA,96000,NA,NA,NA,NA,57600,NA,NA,NA,NA,1440,NA,NA,NA,NA,62400,NA,NA,NA,NA,76800,NA,NA,NA,NA
M18 [Family Planning],18.6',Centchroman weekly pills,3. Unusable Stock,515655,NA,NA,NA,NA,0,NA,NA,NA,NA,0,NA,NA,NA,NA,0,NA,NA,NA,NA,20055,NA,NA,NA,NA,495600,NA,NA,NA,NA,0,NA,NA,NA,NA,0,NA,NA,NA,NA,NA,NA,NA,NA,NA,0,NA,NA,NA,NA,0,NA,NA,NA,NA,0,NA,NA,NA,NA,0,NA,NA,NA,NA,NA,NA,NA,NA,NA
M18 [Family Planning],18.6',Centchroman weekly pills,4. Stock Distributed,269360,NA,NA,NA,NA,240,NA,NA,NA,NA,17600,NA,NA,NA,NA,10160,NA,NA,NA,NA,31200,NA,NA,NA,NA,50800,NA,NA,NA,NA,43200,NA,NA,NA,NA,1520,NA,NA,NA,NA,NA,NA,NA,NA,NA,40800,NA,NA,NA,NA,24240,NA,NA,NA,NA,29600,NA,NA,NA,NA,20000,NA,NA,NA,NA,0,NA,NA,NA,NA
M18 [Family Planning],18.6',Centchroman weekly pills,5. Total Stock,1856373,NA,NA,NA,NA,3000,NA,NA,NA,NA,130700,NA,NA,NA,NA,34080,NA,NA,NA,NA,51255,NA,NA,NA,NA,444800,NA,NA,NA,NA,204000,NA,NA,NA,NA,40258,NA,NA,NA,NA,NA,NA,NA,NA,NA,301600,NA,NA,NA,NA,200560,NA,NA,NA,NA,22720,NA,NA,NA,NA,120800,NA,NA,NA,NA,302600,NA,NA,NA,NA
M18 [Family Planning],'18.7',Injectable Contraceptive MPA (Vials),1. Balance From Previous Month,10333,NA,NA,NA,NA,998,NA,NA,NA,NA,0,NA,NA,NA,NA,0,NA,NA,NA,NA,2300,NA,NA,NA,NA,1190,NA,NA,NA,NA,0,NA,NA,NA,NA,960,NA,NA,NA,NA,0,NA,NA,NA,NA,0,NA,NA,NA,NA,NA,NA,NA,NA,NA,2117,NA,NA,NA,NA,0,NA,NA,NA,NA,2768,NA,NA,NA,NA
M18 [Family Planning],18.7',Injectable Contraceptive MPA (Vials),2. Stocks Received,0,NA,NA,NA,NA,0,NA,NA,NA,NA,0,NA,NA,NA,NA,0,NA,NA,NA,NA,0,NA,NA,NA,NA,0,NA,NA,NA,NA,0,NA,NA,NA,NA,0,NA,NA,NA,NA,0,NA,NA,NA,NA,0,NA,NA,NA,NA,NA,NA,NA,NA,NA,0,NA,NA,NA,NA,0,NA,NA,NA,NA,0,NA,NA,NA,NA
M18 [Family Planning],18.7',Injectable Contraceptive MPA (Vials),3. Unusable Stock,2990,NA,NA,NA,NA,0,NA,NA,NA,NA,0,NA,NA,NA,NA,0,NA,NA,NA,NA,1800,NA,NA,NA,NA,1190,NA,NA,NA,NA,0,NA,NA,NA,NA,0,NA,NA,NA,NA,0,NA,NA,NA,NA,0,NA,NA,NA,NA,NA,NA,NA,NA,NA,0,NA,NA,NA,NA,0,NA,NA,NA,NA,NA,NA,NA,NA,NA
M18 [Family Planning],18.7',Injectable Contraceptive MPA (Vials),4. Stock Distributed,2188,NA,NA,NA,NA,200,NA,NA,NA,NA,0,NA,NA,NA,NA,0,NA,NA,NA,NA,500,NA,NA,NA,NA,0,NA,NA,NA,NA,0,NA,NA,NA,NA,480,NA,NA,NA,NA,0,NA,NA,NA,NA,0,NA,NA,NA,NA,NA,NA,NA,NA,NA,536,NA,NA,NA,NA,0,NA,NA,NA,NA,472,NA,NA,NA,NA
M18 [Family Planning],18.7',Injectable Contraceptive MPA (Vials),5. Total Stock,8645,NA,NA,NA,NA,798,NA,NA,NA,NA,0,NA,NA,NA,NA,0,NA,NA,NA,NA,2300,NA,NA,NA,NA,1190,NA,NA,NA,NA,0,NA,NA,NA,NA,480,NA,NA,NA,NA,0,NA,NA,NA,NA,0,NA,NA,NA,NA,NA,NA,NA,NA,NA,1581,NA,NA,NA,NA,0,NA,NA,NA,NA,2296,NA,NA,NA,NA
M18 [Family Planning],'18.8',Tubal rings,1. Balance From Previous Month,32100,NA,NA,NA,NA,0,NA,NA,NA,NA,0,NA,NA,NA,NA,0,NA,NA,NA,NA,0,NA,NA,NA,NA,0,NA,NA,NA,NA,0,NA,NA,NA,NA,0,NA,NA,NA,NA,NA,NA,NA,NA,NA,0,NA,NA,NA,NA,NA,NA,NA,NA,NA,30100,NA,NA,NA,NA,2000,NA,NA,NA,NA,NA,NA,NA,NA,NA
M18 [Family Planning],18.8',Tubal rings,2. Stocks Received,0,NA,NA,NA,NA,0,NA,NA,NA,NA,0,NA,NA,NA,NA,0,NA,NA,NA,NA,0,NA,NA,NA,NA,0,NA,NA,NA,NA,0,NA,NA,NA,NA,0,NA,NA,NA,NA,NA,NA,NA,NA,NA,0,NA,NA,NA,NA,NA,NA,NA,NA,NA,0,NA,NA,NA,NA,0,NA,NA,NA,NA,NA,NA,NA,NA,NA
M18 [Family Planning],18.8',Tubal rings,3. Unusable Stock,0,NA,NA,NA,NA,0,NA,NA,NA,NA,0,NA,NA,NA,NA,0,NA,NA,NA,NA,0,NA,NA,NA,NA,0,NA,NA,NA,NA,0,NA,NA,NA,NA,0,NA,NA,NA,NA,NA,NA,NA,NA,NA,0,NA,NA,NA,NA,NA,NA,NA,NA,NA,0,NA,NA,NA,NA,0,NA,NA,NA,NA,NA,NA,NA,NA,NA
M18 [Family Planning],18.8',Tubal rings,4. Stock Distributed,0,NA,NA,NA,NA,0,NA,NA,NA,NA,0,NA,NA,NA,NA,0,NA,NA,NA,NA,0,NA,NA,NA,NA,0,NA,NA,NA,NA,0,NA,NA,NA,NA,0,NA,NA,NA,NA,NA,NA,NA,NA,NA,0,NA,NA,NA,NA,NA,NA,NA,NA,NA,0,NA,NA,NA,NA,0,NA,NA,NA,NA,NA,NA,NA,NA,NA
M18 [Family Planning],18.8',Tubal rings,5. Total Stock,32100,NA,NA,NA,NA,0,NA,NA,NA,NA,0,NA,NA,NA,NA,0,NA,NA,NA,NA,0,NA,NA,NA,NA,0,NA,NA,NA,NA,0,NA,NA,NA,NA,0,NA,NA,NA,NA,NA,NA,NA,NA,NA,0,NA,NA,NA,NA,NA,NA,NA,NA,NA,30100,NA,NA,NA,NA,2000,NA,NA,NA,NA,NA,NA,NA,NA,NA
M18 [Family Planning],'18.9',Pregnancy testing Kits (Nischay Kits),1. Balance From Previous Month,227002,NA,NA,NA,NA,1190,NA,NA,NA,NA,11700,NA,NA,NA,NA,24120,NA,NA,NA,NA,44140,NA,NA,NA,NA,0,NA,NA,NA,NA,36850,NA,NA,NA,NA,40202,NA,NA,NA,NA,13700,NA,NA,NA,NA,15200,NA,NA,NA,NA,19150,NA,NA,NA,NA,7250,NA,NA,NA,NA,0,NA,NA,NA,NA,13500,NA,NA,NA,NA
M18 [Family Planning],18.9',Pregnancy testing Kits (Nischay Kits),2. Stocks Received,87300,NA,NA,NA,NA,0,NA,NA,NA,NA,9000,NA,NA,NA,NA,700,NA,NA,NA,NA,10000,NA,NA,NA,NA,0,NA,NA,NA,NA,20500,NA,NA,NA,NA,8100,NA,NA,NA,NA,6000,NA,NA,NA,NA,7000,NA,NA,NA,NA,6000,NA,NA,NA,NA,8000,NA,NA,NA,NA,5000,NA,NA,NA,NA,7000,NA,NA,NA,NA
M18 [Family Planning],18.9',Pregnancy testing Kits (Nischay Kits),3. Unusable Stock,37300,NA,NA,NA,NA,0,NA,NA,NA,NA,0,NA,NA,NA,NA,0,NA,NA,NA,NA,37300,NA,NA,NA,NA,0,NA,NA,NA,NA,0,NA,NA,NA,NA,0,NA,NA,NA,NA,0,NA,NA,NA,NA,0,NA,NA,NA,NA,0,NA,NA,NA,NA,0,NA,NA,NA,NA,0,NA,NA,NA,NA,NA,NA,NA,NA,NA
M18 [Family Planning],18.9',Pregnancy testing Kits (Nischay Kits),4. Stock Distributed,89316,NA,NA,NA,NA,1070,NA,NA,NA,NA,9000,NA,NA,NA,NA,8640,NA,NA,NA,NA,16840,NA,NA,NA,NA,0,NA,NA,NA,NA,8900,NA,NA,NA,NA,13066,NA,NA,NA,NA,3300,NA,NA,NA,NA,4900,NA,NA,NA,NA,6600,NA,NA,NA,NA,8000,NA,NA,NA,NA,5000,NA,NA,NA,NA,4000,NA,NA,NA,NA
M18 [Family Planning],18.9',Pregnancy testing Kits (Nischay Kits),5. Total Stock,246232,NA,NA,NA,NA,120,NA,NA,NA,NA,11700,NA,NA,NA,NA,22480,NA,NA,NA,NA,54140,NA,NA,NA,NA,0,NA,NA,NA,NA,48450,NA,NA,NA,NA,35242,NA,NA,NA,NA,14500,NA,NA,NA,NA,17300,NA,NA,NA,NA,18550,NA,NA,NA,NA,7250,NA,NA,NA,NA,0,NA,NA,NA,NA,16500,NA,NA,NA,NA
M19 [Other Items],'19.1',Gloves,1. Balance From Previous Month,258330,NA,NA,NA,NA,0,NA,NA,NA,NA,55530,NA,NA,NA,NA,0,NA,NA,NA,NA,160300,NA,NA,NA,NA,0,NA,NA,NA,NA,42500,NA,NA,NA,NA,0,NA,NA,NA,NA,NA,NA,NA,NA,NA,NA,NA,NA,NA,NA,NA,NA,NA,NA,NA,0,NA,NA,NA,NA,NA,NA,NA,NA,NA,NA,NA,NA,NA,NA
M19 [Other Items],19.1',Gloves,2. Stocks Received,135000,NA,NA,NA,NA,0,NA,NA,NA,NA,10000,NA,NA,NA,NA,0,NA,NA,NA,NA,125000,NA,NA,NA,NA,0,NA,NA,NA,NA,0,NA,NA,NA,NA,0,NA,NA,NA,NA,NA,NA,NA,NA,NA,NA,NA,NA,NA,NA,NA,NA,NA,NA,NA,0,NA,NA,NA,NA,NA,NA,NA,NA,NA,NA,NA,NA,NA,NA
M19 [Other Items],19.1',Gloves,3. Unusable Stock,226450,NA,NA,NA,NA,0,NA,NA,NA,NA,0,NA,NA,NA,NA,0,NA,NA,NA,NA,226450,NA,NA,NA,NA,0,NA,NA,NA,NA,0,NA,NA,NA,NA,0,NA,NA,NA,NA,NA,NA,NA,NA,NA,NA,NA,NA,NA,NA,NA,NA,NA,NA,NA,0,NA,NA,NA,NA,NA,NA,NA,NA,NA,NA,NA,NA,NA,NA
M19 [Other Items],19.1',Gloves,4. Stock Distributed,64790,NA,NA,NA,NA,0,NA,NA,NA,NA,3670,NA,NA,NA,NA,0,NA,NA,NA,NA,58850,NA,NA,NA,NA,0,NA,NA,NA,NA,2270,NA,NA,NA,NA,0,NA,NA,NA,NA,NA,NA,NA,NA,NA,NA,NA,NA,NA,NA,NA,NA,NA,NA,NA,0,NA,NA,NA,NA,NA,NA,NA,NA,NA,NA,NA,NA,NA,NA
M19 [Other Items],19.1',Gloves,5. Total Stock,102090,NA,NA,NA,NA,0,NA,NA,NA,NA,61860,NA,NA,NA,NA,0,NA,NA,NA,NA,0,NA,NA,NA,NA,0,NA,NA,NA,NA,40230,NA,NA,NA,NA,0,NA,NA,NA,NA,0,NA,NA,NA,NA,0,NA,NA,NA,NA,0,NA,NA,NA,NA,0,NA,NA,NA,NA,0,NA,NA,NA,NA,0,NA,NA,NA,NA
M19 [Other Items],'19.2',MVA Syringes,1. Balance From Previous Month,0,NA,NA,NA,NA,NA,NA,NA,NA,NA,0,NA,NA,NA,NA,0,NA,NA,NA,NA,0,NA,NA,NA,NA,0,NA,NA,NA,NA,0,NA,NA,NA,NA,0,NA,NA,NA,NA,NA,NA,NA,NA,NA,NA,NA,NA,NA,NA,NA,NA,NA,NA,NA,0,NA,NA,NA,NA,NA,NA,NA,NA,NA,NA,NA,NA,NA,NA
M19 [Other Items],19.2',MVA Syringes,2. Stocks Received,0,NA,NA,NA,NA,NA,NA,NA,NA,NA,0,NA,NA,NA,NA,0,NA,NA,NA,NA,0,NA,NA,NA,NA,0,NA,NA,NA,NA,0,NA,NA,NA,NA,0,NA,NA,NA,NA,NA,NA,NA,NA,NA,NA,NA,NA,NA,NA,NA,NA,NA,NA,NA,0,NA,NA,NA,NA,NA,NA,NA,NA,NA,NA,NA,NA,NA,NA
M19 [Other Items],19.2',MVA Syringes,3. Unusable Stock,0,NA,NA,NA,NA,NA,NA,NA,NA,NA,0,NA,NA,NA,NA,0,NA,NA,NA,NA,0,NA,NA,NA,NA,0,NA,NA,NA,NA,0,NA,NA,NA,NA,0,NA,NA,NA,NA,NA,NA,NA,NA,NA,NA,NA,NA,NA,NA,NA,NA,NA,NA,NA,0,NA,NA,NA,NA,NA,NA,NA,NA,NA,NA,NA,NA,NA,NA
M19 [Other Items],19.2',MVA Syringes,4. Stock Distributed,0,NA,NA,NA,NA,NA,NA,NA,NA,NA,0,NA,NA,NA,NA,0,NA,NA,NA,NA,0,NA,NA,NA,NA,0,NA,NA,NA,NA,0,NA,NA,NA,NA,0,NA,NA,NA,NA,NA,NA,NA,NA,NA,NA,NA,NA,NA,NA,NA,NA,NA,NA,NA,0,NA,NA,NA,NA,NA,NA,NA,NA,NA,NA,NA,NA,NA,NA
M19 [Other Items],19.2',MVA Syringes,5. Total Stock,0,NA,NA,NA,NA,0,NA,NA,NA,NA,0,NA,NA,NA,NA,0,NA,NA,NA,NA,0,NA,NA,NA,NA,0,NA,NA,NA,NA,0,NA,NA,NA,NA,0,NA,NA,NA,NA,0,NA,NA,NA,NA,0,NA,NA,NA,NA,0,NA,NA,NA,NA,0,NA,NA,NA,NA,0,NA,NA,NA,NA,0,NA,NA,NA,NA
M19 [Other Items],'19.3',Tab. Fluconazole,1. Balance From Previous Month,0,NA,NA,NA,NA,0,NA,NA,NA,NA,0,NA,NA,NA,NA,0,NA,NA,NA,NA,0,NA,NA,NA,NA,0,NA,NA,NA,NA,0,NA,NA,NA,NA,0,NA,NA,NA,NA,NA,NA,NA,NA,NA,NA,NA,NA,NA,NA,NA,NA,NA,NA,NA,0,NA,NA,NA,NA,NA,NA,NA,NA,NA,NA,NA,NA,NA,NA
M19 [Other Items],19.3',Tab. Fluconazole,2. Stocks Received,0,NA,NA,NA,NA,0,NA,NA,NA,NA,0,NA,NA,NA,NA,0,NA,NA,NA,NA,0,NA,NA,NA,NA,0,NA,NA,NA,NA,0,NA,NA,NA,NA,0,NA,NA,NA,NA,NA,NA,NA,NA,NA,NA,NA,NA,NA,NA,NA,NA,NA,NA,NA,0,NA,NA,NA,NA,NA,NA,NA,NA,NA,NA,NA,NA,NA,NA
M19 [Other Items],19.3',Tab. Fluconazole,3. Unusable Stock,0,NA,NA,NA,NA,0,NA,NA,NA,NA,0,NA,NA,NA,NA,0,NA,NA,NA,NA,0,NA,NA,NA,NA,0,NA,NA,NA,NA,0,NA,NA,NA,NA,0,NA,NA,NA,NA,NA,NA,NA,NA,NA,NA,NA,NA,NA,NA,NA,NA,NA,NA,NA,0,NA,NA,NA,NA,NA,NA,NA,NA,NA,NA,NA,NA,NA,NA
M19 [Other Items],19.3',Tab. Fluconazole,4. Stock Distributed,0,NA,NA,NA,NA,0,NA,NA,NA,NA,0,NA,NA,NA,NA,0,NA,NA,NA,NA,0,NA,NA,NA,NA,0,NA,NA,NA,NA,0,NA,NA,NA,NA,0,NA,NA,NA,NA,NA,NA,NA,NA,NA,NA,NA,NA,NA,NA,NA,NA,NA,NA,NA,0,NA,NA,NA,NA,NA,NA,NA,NA,NA,NA,NA,NA,NA,NA
M19 [Other Items],19.3',Tab. Fluconazole,5. Total Stock,0,NA,NA,NA,NA,0,NA,NA,NA,NA,0,NA,NA,NA,NA,0,NA,NA,NA,NA,0,NA,NA,NA,NA,0,NA,NA,NA,NA,0,NA,NA,NA,NA,0,NA,NA,NA,NA,0,NA,NA,NA,NA,0,NA,NA,NA,NA,0,NA,NA,NA,NA,0,NA,NA,NA,NA,0,NA,NA,NA,NA,0,NA,NA,NA,NA
M19 [Other Items],'19.4',Blood Transfusion sets,1. Balance From Previous Month,0,NA,NA,NA,NA,0,NA,NA,NA,NA,0,NA,NA,NA,NA,0,NA,NA,NA,NA,0,NA,NA,NA,NA,0,NA,NA,NA,NA,0,NA,NA,NA,NA,0,NA,NA,NA,NA,NA,NA,NA,NA,NA,NA,NA,NA,NA,NA,NA,NA,NA,NA,NA,0,NA,NA,NA,NA,NA,NA,NA,NA,NA,NA,NA,NA,NA,NA
M19 [Other Items],19.4',Blood Transfusion sets,2. Stocks Received,0,NA,NA,NA,NA,0,NA,NA,NA,NA,0,NA,NA,NA,NA,0,NA,NA,NA,NA,0,NA,NA,NA,NA,0,NA,NA,NA,NA,0,NA,NA,NA,NA,0,NA,NA,NA,NA,NA,NA,NA,NA,NA,NA,NA,NA,NA,NA,NA,NA,NA,NA,NA,0,NA,NA,NA,NA,NA,NA,NA,NA,NA,NA,NA,NA,NA,NA
M19 [Other Items],19.4',Blood Transfusion sets,3. Unusable Stock,0,NA,NA,NA,NA,0,NA,NA,NA,NA,0,NA,NA,NA,NA,0,NA,NA,NA,NA,0,NA,NA,NA,NA,0,NA,NA,NA,NA,0,NA,NA,NA,NA,0,NA,NA,NA,NA,NA,NA,NA,NA,NA,NA,NA,NA,NA,NA,NA,NA,NA,NA,NA,0,NA,NA,NA,NA,NA,NA,NA,NA,NA,NA,NA,NA,NA,NA
M19 [Other Items],19.4',Blood Transfusion sets,4. Stock Distributed,0,NA,NA,NA,NA,0,NA,NA,NA,NA,0,NA,NA,NA,NA,0,NA,NA,NA,NA,0,NA,NA,NA,NA,0,NA,NA,NA,NA,0,NA,NA,NA,NA,0,NA,NA,NA,NA,NA,NA,NA,NA,NA,NA,NA,NA,NA,NA,NA,NA,NA,NA,NA,0,NA,NA,NA,NA,NA,NA,NA,NA,NA,NA,NA,NA,NA,NA
M19 [Other Items],19.4',Blood Transfusion sets,5. Total Stock,0,NA,NA,NA,NA,0,NA,NA,NA,NA,0,NA,NA,NA,NA,0,NA,NA,NA,NA,0,NA,NA,NA,NA,0,NA,NA,NA,NA,0,NA,NA,NA,NA,0,NA,NA,NA,NA,0,NA,NA,NA,NA,0,NA,NA,NA,NA,0,NA,NA,NA,NA,0,NA,NA,NA,NA,0,NA,NA,NA,NA,0,NA,NA,NA,NA
M19 [Other Items],'19.5',Gluteraldehyde 2%,1. Balance From Previous Month,0,NA,NA,NA,NA,NA,NA,NA,NA,NA,0,NA,NA,NA,NA,0,NA,NA,NA,NA,0,NA,NA,NA,NA,0,NA,NA,NA,NA,0,NA,NA,NA,NA,0,NA,NA,NA,NA,NA,NA,NA,NA,NA,NA,NA,NA,NA,NA,NA,NA,NA,NA,NA,0,NA,NA,NA,NA,NA,NA,NA,NA,NA,NA,NA,NA,NA,NA
M19 [Other Items],19.5',Gluteraldehyde 2%,2. Stocks Received,0,NA,NA,NA,NA,NA,NA,NA,NA,NA,0,NA,NA,NA,NA,0,NA,NA,NA,NA,0,NA,NA,NA,NA,0,NA,NA,NA,NA,0,NA,NA,NA,NA,0,NA,NA,NA,NA,NA,NA,NA,NA,NA,NA,NA,NA,NA,NA,NA,NA,NA,NA,NA,0,NA,NA,NA,NA,NA,NA,NA,NA,NA,NA,NA,NA,NA,NA
M19 [Other Items],19.5',Gluteraldehyde 2%,3. Unusable Stock,0,NA,NA,NA,NA,NA,NA,NA,NA,NA,0,NA,NA,NA,NA,0,NA,NA,NA,NA,0,NA,NA,NA,NA,0,NA,NA,NA,NA,0,NA,NA,NA,NA,0,NA,NA,NA,NA,NA,NA,NA,NA,NA,NA,NA,NA,NA,NA,NA,NA,NA,NA,NA,0,NA,NA,NA,NA,NA,NA,NA,NA,NA,NA,NA,NA,NA,NA
M19 [Other Items],19.5',Gluteraldehyde 2%,4. Stock Distributed,0,NA,NA,NA,NA,NA,NA,NA,NA,NA,0,NA,NA,NA,NA,0,NA,NA,NA,NA,0,NA,NA,NA,NA,0,NA,NA,NA,NA,0,NA,NA,NA,NA,0,NA,NA,NA,NA,NA,NA,NA,NA,NA,NA,NA,NA,NA,NA,NA,NA,NA,NA,NA,0,NA,NA,NA,NA,NA,NA,NA,NA,NA,NA,NA,NA,NA,NA
M19 [Other Items],19.5',Gluteraldehyde 2%,5. Total Stock,0,NA,NA,NA,NA,0,NA,NA,NA,NA,0,NA,NA,NA,NA,0,NA,NA,NA,NA,0,NA,NA,NA,NA,0,NA,NA,NA,NA,0,NA,NA,NA,NA,0,NA,NA,NA,NA,0,NA,NA,NA,NA,0,NA,NA,NA,NA,0,NA,NA,NA,NA,0,NA,NA,NA,NA,0,NA,NA,NA,NA,0,NA,NA,NA,NA
M19 [Other Items],'19.6',IFA tablets ( Adult),1. Balance From Previous Month,0,NA,NA,NA,NA,NA,NA,NA,NA,NA,0,NA,NA,NA,NA,0,NA,NA,NA,NA,0,NA,NA,NA,NA,0,NA,NA,NA,NA,0,NA,NA,NA,NA,0,NA,NA,NA,NA,NA,NA,NA,NA,NA,NA,NA,NA,NA,NA,NA,NA,NA,NA,NA,0,NA,NA,NA,NA,NA,NA,NA,NA,NA,NA,NA,NA,NA,NA
M19 [Other Items],19.6',IFA tablets ( Adult),2. Stocks Received,0,NA,NA,NA,NA,NA,NA,NA,NA,NA,0,NA,NA,NA,NA,0,NA,NA,NA,NA,0,NA,NA,NA,NA,0,NA,NA,NA,NA,0,NA,NA,NA,NA,0,NA,NA,NA,NA,NA,NA,NA,NA,NA,NA,NA,NA,NA,NA,NA,NA,NA,NA,NA,0,NA,NA,NA,NA,NA,NA,NA,NA,NA,NA,NA,NA,NA,NA
M19 [Other Items],19.6',IFA tablets ( Adult),3. Unusable Stock,0,NA,NA,NA,NA,NA,NA,NA,NA,NA,0,NA,NA,NA,NA,0,NA,NA,NA,NA,0,NA,NA,NA,NA,0,NA,NA,NA,NA,0,NA,NA,NA,NA,0,NA,NA,NA,NA,NA,NA,NA,NA,NA,NA,NA,NA,NA,NA,NA,NA,NA,NA,NA,0,NA,NA,NA,NA,NA,NA,NA,NA,NA,NA,NA,NA,NA,NA
M19 [Other Items],19.6',IFA tablets ( Adult),4. Stock Distributed,0,NA,NA,NA,NA,NA,NA,NA,NA,NA,0,NA,NA,NA,NA,0,NA,NA,NA,NA,0,NA,NA,NA,NA,0,NA,NA,NA,NA,0,NA,NA,NA,NA,0,NA,NA,NA,NA,NA,NA,NA,NA,NA,NA,NA,NA,NA,NA,NA,NA,NA,NA,NA,0,NA,NA,NA,NA,NA,NA,NA,NA,NA,NA,NA,NA,NA,NA
M19 [Other Items],19.6',IFA tablets ( Adult),5. Total Stock,0,NA,NA,NA,NA,0,NA,NA,NA,NA,0,NA,NA,NA,NA,0,NA,NA,NA,NA,0,NA,NA,NA,NA,0,NA,NA,NA,NA,0,NA,NA,NA,NA,0,NA,NA,NA,NA,0,NA,NA,NA,NA,0,NA,NA,NA,NA,0,NA,NA,NA,NA,0,NA,NA,NA,NA,0,NA,NA,NA,NA,0,NA,NA,NA,NA
M19 [Other Items],'19.7',IFA - Blue ( Adolescent 10-19 yrs),1. Balance From Previous Month,55544994,NA,NA,NA,NA,1068300,NA,NA,NA,NA,0,NA,NA,NA,NA,3454600,NA,NA,NA,NA,832200,NA,NA,NA,NA,0,NA,NA,NA,NA,29171000,NA,NA,NA,NA,19913950,NA,NA,NA,NA,NA,NA,NA,NA,NA,NA,NA,NA,NA,NA,NA,NA,NA,NA,NA,0,NA,NA,NA,NA,1104944,NA,NA,NA,NA,NA,NA,NA,NA,NA
M19 [Other Items],19.7',IFA - Blue ( Adolescent 10-19 yrs),2. Stocks Received,3000000,NA,NA,NA,NA,0,NA,NA,NA,NA,0,NA,NA,NA,NA,3000000,NA,NA,NA,NA,0,NA,NA,NA,NA,0,NA,NA,NA,NA,0,NA,NA,NA,NA,0,NA,NA,NA,NA,NA,NA,NA,NA,NA,NA,NA,NA,NA,NA,NA,NA,NA,NA,NA,0,NA,NA,NA,NA,0,NA,NA,NA,NA,NA,NA,NA,NA,NA
M19 [Other Items],19.7',IFA - Blue ( Adolescent 10-19 yrs),3. Unusable Stock,566600,NA,NA,NA,NA,0,NA,NA,NA,NA,0,NA,NA,NA,NA,0,NA,NA,NA,NA,566600,NA,NA,NA,NA,0,NA,NA,NA,NA,0,NA,NA,NA,NA,0,NA,NA,NA,NA,NA,NA,NA,NA,NA,NA,NA,NA,NA,NA,NA,NA,NA,NA,NA,0,NA,NA,NA,NA,0,NA,NA,NA,NA,NA,NA,NA,NA,NA
M19 [Other Items],19.7',IFA - Blue ( Adolescent 10-19 yrs),4. Stock Distributed,10709536,NA,NA,NA,NA,212000,NA,NA,NA,NA,0,NA,NA,NA,NA,2958900,NA,NA,NA,NA,265600,NA,NA,NA,NA,0,NA,NA,NA,NA,4000000,NA,NA,NA,NA,2259300,NA,NA,NA,NA,NA,NA,NA,NA,NA,NA,NA,NA,NA,NA,NA,NA,NA,NA,NA,0,NA,NA,NA,NA,1013736,NA,NA,NA,NA,NA,NA,NA,NA,NA
M19 [Other Items],19.7',IFA - Blue ( Adolescent 10-19 yrs),5. Total Stock,47268858,NA,NA,NA,NA,856300,NA,NA,NA,NA,0,NA,NA,NA,NA,3495700,NA,NA,NA,NA,0,NA,NA,NA,NA,0,NA,NA,NA,NA,25171000,NA,NA,NA,NA,17654650,NA,NA,NA,NA,0,NA,NA,NA,NA,0,NA,NA,NA,NA,0,NA,NA,NA,NA,0,NA,NA,NA,NA,91208,NA,NA,NA,NA,0,NA,NA,NA,NA
M19 [Other Items],'19.8',IFA- Pink ( Junior 6-10 yrs),1. Balance From Previous Month,51230550,NA,NA,NA,NA,2495900,NA,NA,NA,NA,0,NA,NA,NA,NA,4660900,NA,NA,NA,NA,18397700,NA,NA,NA,NA,0,NA,NA,NA,NA,7025000,NA,NA,NA,NA,18651050,NA,NA,NA,NA,NA,NA,NA,NA,NA,NA,NA,NA,NA,NA,NA,NA,NA,NA,NA,0,NA,NA,NA,NA,0,NA,NA,NA,NA,NA,NA,NA,NA,NA
M19 [Other Items],19.8',IFA- Pink ( Junior 6-10 yrs),2. Stocks Received,3881450,NA,NA,NA,NA,0,NA,NA,NA,NA,0,NA,NA,NA,NA,3881450,NA,NA,NA,NA,0,NA,NA,NA,NA,0,NA,NA,NA,NA,0,NA,NA,NA,NA,0,NA,NA,NA,NA,NA,NA,NA,NA,NA,NA,NA,NA,NA,NA,NA,NA,NA,NA,NA,0,NA,NA,NA,NA,0,NA,NA,NA,NA,NA,NA,NA,NA,NA
M19 [Other Items],19.8',IFA- Pink ( Junior 6-10 yrs),3. Unusable Stock,13209750,NA,NA,NA,NA,0,NA,NA,NA,NA,0,NA,NA,NA,NA,0,NA,NA,NA,NA,13209750,NA,NA,NA,NA,0,NA,NA,NA,NA,0,NA,NA,NA,NA,0,NA,NA,NA,NA,NA,NA,NA,NA,NA,NA,NA,NA,NA,NA,NA,NA,NA,NA,NA,0,NA,NA,NA,NA,0,NA,NA,NA,NA,NA,NA,NA,NA,NA
M19 [Other Items],19.8',IFA- Pink ( Junior 6-10 yrs),4. Stock Distributed,14931810,NA,NA,NA,NA,183600,NA,NA,NA,NA,0,NA,NA,NA,NA,3825700,NA,NA,NA,NA,5187950,NA,NA,NA,NA,0,NA,NA,NA,NA,1960000,NA,NA,NA,NA,3774560,NA,NA,NA,NA,NA,NA,NA,NA,NA,NA,NA,NA,NA,NA,NA,NA,NA,NA,NA,0,NA,NA,NA,NA,0,NA,NA,NA,NA,NA,NA,NA,NA,NA
M19 [Other Items],19.8',IFA- Pink ( Junior 6-10 yrs),5. Total Stock,26970440,NA,NA,NA,NA,2312300,NA,NA,NA,NA,0,NA,NA,NA,NA,4716650,NA,NA,NA,NA,0,NA,NA,NA,NA,0,NA,NA,NA,NA,5065000,NA,NA,NA,NA,14876490,NA,NA,NA,NA,0,NA,NA,NA,NA,0,NA,NA,NA,NA,0,NA,NA,NA,NA,0,NA,NA,NA,NA,0,NA,NA,NA,NA,0,NA,NA,NA,NA
M19 [Other Items],'19.9',IFA Syrup (Paediatric),1. Balance From Previous Month,0,NA,NA,NA,NA,0,NA,NA,NA,NA,0,NA,NA,NA,NA,0,NA,NA,NA,NA,0,NA,NA,NA,NA,0,NA,NA,NA,NA,0,NA,NA,NA,NA,0,NA,NA,NA,NA,NA,NA,NA,NA,NA,NA,NA,NA,NA,NA,NA,NA,NA,NA,NA,0,NA,NA,NA,NA,0,NA,NA,NA,NA,NA,NA,NA,NA,NA
M19 [Other Items],19.9',IFA Syrup (Paediatric),2. Stocks Received,0,NA,NA,NA,NA,0,NA,NA,NA,NA,0,NA,NA,NA,NA,0,NA,NA,NA,NA,0,NA,NA,NA,NA,0,NA,NA,NA,NA,0,NA,NA,NA,NA,0,NA,NA,NA,NA,NA,NA,NA,NA,NA,NA,NA,NA,NA,NA,NA,NA,NA,NA,NA,0,NA,NA,NA,NA,0,NA,NA,NA,NA,NA,NA,NA,NA,NA
M19 [Other Items],19.9',IFA Syrup (Paediatric),3. Unusable Stock,0,NA,NA,NA,NA,0,NA,NA,NA,NA,0,NA,NA,NA,NA,0,NA,NA,NA,NA,0,NA,NA,NA,NA,0,NA,NA,NA,NA,0,NA,NA,NA,NA,0,NA,NA,NA,NA,NA,NA,NA,NA,NA,NA,NA,NA,NA,NA,NA,NA,NA,NA,NA,0,NA,NA,NA,NA,NA,NA,NA,NA,NA,NA,NA,NA,NA,NA
M19 [Other Items],19.9',IFA Syrup (Paediatric),4. Stock Distributed,0,NA,NA,NA,NA,0,NA,NA,NA,NA,0,NA,NA,NA,NA,0,NA,NA,NA,NA,0,NA,NA,NA,NA,0,NA,NA,NA,NA,0,NA,NA,NA,NA,0,NA,NA,NA,NA,NA,NA,NA,NA,NA,NA,NA,NA,NA,NA,NA,NA,NA,NA,NA,0,NA,NA,NA,NA,0,NA,NA,NA,NA,NA,NA,NA,NA,NA
M19 [Other Items],19.9',IFA Syrup (Paediatric),5. Total Stock,0,NA,NA,NA,NA,0,NA,NA,NA,NA,0,NA,NA,NA,NA,0,NA,NA,NA,NA,0,NA,NA,NA,NA,0,NA,NA,NA,NA,0,NA,NA,NA,NA,0,NA,NA,NA,NA,0,NA,NA,NA,NA,0,NA,NA,NA,NA,0,NA,NA,NA,NA,0,NA,NA,NA,NA,0,NA,NA,NA,NA,0,NA,NA,NA,NA
M19 [Other Items],'19.10',Paediatrics Antibiotics ( Amoxycillin and Injectable Gentamicin),1. Balance From Previous Month,0,NA,NA,NA,NA,NA,NA,NA,NA,NA,0,NA,NA,NA,NA,0,NA,NA,NA,NA,0,NA,NA,NA,NA,0,NA,NA,NA,NA,0,NA,NA,NA,NA,0,NA,NA,NA,NA,NA,NA,NA,NA,NA,NA,NA,NA,NA,NA,NA,NA,NA,NA,NA,0,NA,NA,NA,NA,NA,NA,NA,NA,NA,NA,NA,NA,NA,NA
M19 [Other Items],19.10',Paediatrics Antibiotics ( Amoxycillin and Injectable Gentamicin),2. Stocks Received,0,NA,NA,NA,NA,NA,NA,NA,NA,NA,0,NA,NA,NA,NA,0,NA,NA,NA,NA,0,NA,NA,NA,NA,0,NA,NA,NA,NA,0,NA,NA,NA,NA,0,NA,NA,NA,NA,NA,NA,NA,NA,NA,NA,NA,NA,NA,NA,NA,NA,NA,NA,NA,0,NA,NA,NA,NA,NA,NA,NA,NA,NA,NA,NA,NA,NA,NA
M19 [Other Items],19.10',Paediatrics Antibiotics ( Amoxycillin and Injectable Gentamicin),3. Unusable Stock,0,NA,NA,NA,NA,NA,NA,NA,NA,NA,0,NA,NA,NA,NA,0,NA,NA,NA,NA,0,NA,NA,NA,NA,0,NA,NA,NA,NA,0,NA,NA,NA,NA,0,NA,NA,NA,NA,NA,NA,NA,NA,NA,NA,NA,NA,NA,NA,NA,NA,NA,NA,NA,0,NA,NA,NA,NA,NA,NA,NA,NA,NA,NA,NA,NA,NA,NA
M19 [Other Items],19.10',Paediatrics Antibiotics ( Amoxycillin and Injectable Gentamicin),4. Stock Distributed,0,NA,NA,NA,NA,NA,NA,NA,NA,NA,0,NA,NA,NA,NA,0,NA,NA,NA,NA,0,NA,NA,NA,NA,0,NA,NA,NA,NA,0,NA,NA,NA,NA,0,NA,NA,NA,NA,NA,NA,NA,NA,NA,NA,NA,NA,NA,NA,NA,NA,NA,NA,NA,0,NA,NA,NA,NA,NA,NA,NA,NA,NA,NA,NA,NA,NA,NA
M19 [Other Items],19.10',Paediatrics Antibiotics ( Amoxycillin and Injectable Gentamicin),5. Total Stock,0,NA,NA,NA,NA,0,NA,NA,NA,NA,0,NA,NA,NA,NA,0,NA,NA,NA,NA,0,NA,NA,NA,NA,0,NA,NA,NA,NA,0,NA,NA,NA,NA,0,NA,NA,NA,NA,0,NA,NA,NA,NA,0,NA,NA,NA,NA,0,NA,NA,NA,NA,0,NA,NA,NA,NA,0,NA,NA,NA,NA,0,NA,NA,NA,NA
M19 [Other Items],'19.11',Vit A syrup,1. Balance From Previous Month,36676,NA,NA,NA,NA,25136,NA,NA,NA,NA,0,NA,NA,NA,NA,3481,NA,NA,NA,NA,4880,NA,NA,NA,NA,0,NA,NA,NA,NA,36,NA,NA,NA,NA,0,NA,NA,NA,NA,NA,NA,NA,NA,NA,20,NA,NA,NA,NA,106,NA,NA,NA,NA,272,NA,NA,NA,NA,2745,NA,NA,NA,NA,0,NA,NA,NA,NA
M19 [Other Items],19.11',Vit A syrup,2. Stocks Received,0,NA,NA,NA,NA,0,NA,NA,NA,NA,0,NA,NA,NA,NA,0,NA,NA,NA,NA,0,NA,NA,NA,NA,0,NA,NA,NA,NA,0,NA,NA,NA,NA,0,NA,NA,NA,NA,NA,NA,NA,NA,NA,0,NA,NA,NA,NA,0,NA,NA,NA,NA,0,NA,NA,NA,NA,0,NA,NA,NA,NA,0,NA,NA,NA,NA
M19 [Other Items],19.11',Vit A syrup,3. Unusable Stock,4529,NA,NA,NA,NA,0,NA,NA,NA,NA,0,NA,NA,NA,NA,0,NA,NA,NA,NA,4529,NA,NA,NA,NA,0,NA,NA,NA,NA,0,NA,NA,NA,NA,0,NA,NA,NA,NA,NA,NA,NA,NA,NA,0,NA,NA,NA,NA,0,NA,NA,NA,NA,0,NA,NA,NA,NA,NA,NA,NA,NA,NA,NA,NA,NA,NA,NA
M19 [Other Items],19.11',Vit A syrup,4. Stock Distributed,10384,NA,NA,NA,NA,8489,NA,NA,NA,NA,0,NA,NA,NA,NA,704,NA,NA,NA,NA,351,NA,NA,NA,NA,0,NA,NA,NA,NA,36,NA,NA,NA,NA,0,NA,NA,NA,NA,NA,NA,NA,NA,NA,20,NA,NA,NA,NA,56,NA,NA,NA,NA,247,NA,NA,NA,NA,481,NA,NA,NA,NA,0,NA,NA,NA,NA
M19 [Other Items],19.11',Vit A syrup,5. Total Stock,21763,NA,NA,NA,NA,16647,NA,NA,NA,NA,0,NA,NA,NA,NA,2777,NA,NA,NA,NA,0,NA,NA,NA,NA,0,NA,NA,NA,NA,0,NA,NA,NA,NA,0,NA,NA,NA,NA,0,NA,NA,NA,NA,0,NA,NA,NA,NA,50,NA,NA,NA,NA,25,NA,NA,NA,NA,2264,NA,NA,NA,NA,0,NA,NA,NA,NA
M19 [Other Items],'19.12',ORS (New WHO),1. Balance From Previous Month,10781415,NA,NA,NA,NA,264360,NA,NA,NA,NA,515600,NA,NA,NA,NA,887015,NA,NA,NA,NA,206800,NA,NA,NA,NA,0,NA,NA,NA,NA,3579300,NA,NA,NA,NA,2603380,NA,NA,NA,NA,NA,NA,NA,NA,NA,1330950,NA,NA,NA,NA,NA,NA,NA,NA,NA,0,NA,NA,NA,NA,476910,NA,NA,NA,NA,917100,NA,NA,NA,NA
M19 [Other Items],19.12',ORS (New WHO),2. Stocks Received,827200,NA,NA,NA,NA,0,NA,NA,NA,NA,424200,NA,NA,NA,NA,0,NA,NA,NA,NA,3000,NA,NA,NA,NA,0,NA,NA,NA,NA,0,NA,NA,NA,NA,0,NA,NA,NA,NA,NA,NA,NA,NA,NA,400000,NA,NA,NA,NA,NA,NA,NA,NA,NA,0,NA,NA,NA,NA,0,NA,NA,NA,NA,0,NA,NA,NA,NA
M19 [Other Items],19.12',ORS (New WHO),3. Unusable Stock,116280,NA,NA,NA,NA,0,NA,NA,NA,NA,0,NA,NA,NA,NA,0,NA,NA,NA,NA,116280,NA,NA,NA,NA,0,NA,NA,NA,NA,0,NA,NA,NA,NA,0,NA,NA,NA,NA,NA,NA,NA,NA,NA,0,NA,NA,NA,NA,NA,NA,NA,NA,NA,0,NA,NA,NA,NA,0,NA,NA,NA,NA,NA,NA,NA,NA,NA
M19 [Other Items],19.12',ORS (New WHO),4. Stock Distributed,3505195,NA,NA,NA,NA,39300,NA,NA,NA,NA,316800,NA,NA,NA,NA,614365,NA,NA,NA,NA,93520,NA,NA,NA,NA,0,NA,NA,NA,NA,721200,NA,NA,NA,NA,726150,NA,NA,NA,NA,NA,NA,NA,NA,NA,596650,NA,NA,NA,NA,NA,NA,NA,NA,NA,0,NA,NA,NA,NA,305260,NA,NA,NA,NA,91950,NA,NA,NA,NA
M19 [Other Items],19.12',ORS (New WHO),5. Total Stock,8196940,NA,NA,NA,NA,225060,NA,NA,NA,NA,623000,NA,NA,NA,NA,272650,NA,NA,NA,NA,209800,NA,NA,NA,NA,0,NA,NA,NA,NA,2858100,NA,NA,NA,NA,1877230,NA,NA,NA,NA,NA,NA,NA,NA,NA,1134300,NA,NA,NA,NA,NA,NA,NA,NA,NA,0,NA,NA,NA,NA,171650,NA,NA,NA,NA,825150,NA,NA,NA,NA
M19 [Other Items],'19.13',RTI /STI colour coded syndromic kits ( I to VII),1. Balance From Previous Month,50000,NA,NA,NA,NA,NA,NA,NA,NA,NA,0,NA,NA,NA,NA,0,NA,NA,NA,NA,0,NA,NA,NA,NA,0,NA,NA,NA,NA,50000,NA,NA,NA,NA,0,NA,NA,NA,NA,NA,NA,NA,NA,NA,NA,NA,NA,NA,NA,NA,NA,NA,NA,NA,0,NA,NA,NA,NA,NA,NA,NA,NA,NA,NA,NA,NA,NA,NA
M19 [Other Items],19.13',RTI /STI colour coded syndromic kits ( I to VII),2. Stocks Received,0,NA,NA,NA,NA,NA,NA,NA,NA,NA,0,NA,NA,NA,NA,0,NA,NA,NA,NA,0,NA,NA,NA,NA,0,NA,NA,NA,NA,0,NA,NA,NA,NA,0,NA,NA,NA,NA,NA,NA,NA,NA,NA,NA,NA,NA,NA,NA,NA,NA,NA,NA,NA,0,NA,NA,NA,NA,NA,NA,NA,NA,NA,NA,NA,NA,NA,NA
M19 [Other Items],19.13',RTI /STI colour coded syndromic kits ( I to VII),3. Unusable Stock,0,NA,NA,NA,NA,NA,NA,NA,NA,NA,0,NA,NA,NA,NA,0,NA,NA,NA,NA,0,NA,NA,NA,NA,0,NA,NA,NA,NA,0,NA,NA,NA,NA,0,NA,NA,NA,NA,NA,NA,NA,NA,NA,NA,NA,NA,NA,NA,NA,NA,NA,NA,NA,0,NA,NA,NA,NA,NA,NA,NA,NA,NA,NA,NA,NA,NA,NA
M19 [Other Items],19.13',RTI /STI colour coded syndromic kits ( I to VII),4. Stock Distributed,0,NA,NA,NA,NA,NA,NA,NA,NA,NA,0,NA,NA,NA,NA,0,NA,NA,NA,NA,0,NA,NA,NA,NA,0,NA,NA,NA,NA,0,NA,NA,NA,NA,0,NA,NA,NA,NA,NA,NA,NA,NA,NA,NA,NA,NA,NA,NA,NA,NA,NA,NA,NA,0,NA,NA,NA,NA,NA,NA,NA,NA,NA,NA,NA,NA,NA,NA
M19 [Other Items],19.13',RTI /STI colour coded syndromic kits ( I to VII),5. Total Stock,50000,NA,NA,NA,NA,NA,NA,NA,NA,NA,0,NA,NA,NA,NA,0,NA,NA,NA,NA,0,NA,NA,NA,NA,0,NA,NA,NA,NA,50000,NA,NA,NA,NA,0,NA,NA,NA,NA,NA,NA,NA,NA,NA,NA,NA,NA,NA,NA,NA,NA,NA,NA,NA,0,NA,NA,NA,NA,NA,NA,NA,NA,NA,NA,NA,NA,NA,NA
M19 [Other Items],'19.14',Zinc 20 mg tablet,1. Balance From Previous Month,4810059,NA,NA,NA,NA,48100,NA,NA,NA,NA,531300,NA,NA,NA,NA,92716,NA,NA,NA,NA,2463900,NA,NA,NA,NA,0,NA,NA,NA,NA,236074,NA,NA,NA,NA,525869,NA,NA,NA,NA,NA,NA,NA,NA,NA,NA,NA,NA,NA,NA,NA,NA,NA,NA,NA,558800,NA,NA,NA,NA,331300,NA,NA,NA,NA,22000,NA,NA,NA,NA
M19 [Other Items],19.14',Zinc 20 mg tablet,2. Stocks Received,2154950,NA,NA,NA,NA,0,NA,NA,NA,NA,0,NA,NA,NA,NA,0,NA,NA,NA,NA,1599950,NA,NA,NA,NA,0,NA,NA,NA,NA,50000,NA,NA,NA,NA,0,NA,NA,NA,NA,NA,NA,NA,NA,NA,NA,NA,NA,NA,NA,NA,NA,NA,NA,NA,500000,NA,NA,NA,NA,0,NA,NA,NA,NA,5000,NA,NA,NA,NA
M19 [Other Items],19.14',Zinc 20 mg tablet,3. Unusable Stock,2731850,NA,NA,NA,NA,0,NA,NA,NA,NA,0,NA,NA,NA,NA,0,NA,NA,NA,NA,2731850,NA,NA,NA,NA,0,NA,NA,NA,NA,0,NA,NA,NA,NA,0,NA,NA,NA,NA,NA,NA,NA,NA,NA,NA,NA,NA,NA,NA,NA,NA,NA,NA,NA,0,NA,NA,NA,NA,0,NA,NA,NA,NA,NA,NA,NA,NA,NA
M19 [Other Items],19.14',Zinc 20 mg tablet,4. Stock Distributed,2163378,NA,NA,NA,NA,10300,NA,NA,NA,NA,170000,NA,NA,NA,NA,68000,NA,NA,NA,NA,1049600,NA,NA,NA,NA,0,NA,NA,NA,NA,10500,NA,NA,NA,NA,143678,NA,NA,NA,NA,NA,NA,NA,NA,NA,NA,NA,NA,NA,NA,NA,NA,NA,NA,NA,522800,NA,NA,NA,NA,186300,NA,NA,NA,NA,2200,NA,NA,NA,NA
M19 [Other Items],19.14',Zinc 20 mg tablet,5. Total Stock,5578651,NA,NA,NA,NA,37800,NA,NA,NA,NA,361300,NA,NA,NA,NA,24716,NA,NA,NA,NA,3791270,NA,NA,NA,NA,0,NA,NA,NA,NA,275574,NA,NA,NA,NA,382191,NA,NA,NA,NA,NA,NA,NA,NA,NA,NA,NA,NA,NA,NA,NA,NA,NA,NA,NA,536000,NA,NA,NA,NA,145000,NA,NA,NA,NA,24800,NA,NA,NA,NA
M19 [Other Items],'19.15',Albendazole 400 mg tablet,1. Balance From Previous Month,1960232,NA,NA,NA,NA,114422,NA,NA,NA,NA,0,NA,NA,NA,NA,630833,NA,NA,NA,NA,684300,NA,NA,NA,NA,0,NA,NA,NA,NA,413548,NA,NA,NA,NA,117129,NA,NA,NA,NA,NA,NA,NA,NA,NA,NA,NA,NA,NA,NA,NA,NA,NA,NA,NA,0,NA,NA,NA,NA,0,NA,NA,NA,NA,NA,NA,NA,NA,NA
M19 [Other Items],19.15',Albendazole 400 mg tablet,2. Stocks Received,2508874,NA,NA,NA,NA,0,NA,NA,NA,NA,0,NA,NA,NA,NA,561100,NA,NA,NA,NA,843000,NA,NA,NA,NA,0,NA,NA,NA,NA,553174,NA,NA,NA,NA,421000,NA,NA,NA,NA,NA,NA,NA,NA,NA,NA,NA,NA,NA,NA,NA,NA,NA,NA,NA,0,NA,NA,NA,NA,130600,NA,NA,NA,NA,NA,NA,NA,NA,NA
M19 [Other Items],19.15',Albendazole 400 mg tablet,3. Unusable Stock,2107300,NA,NA,NA,NA,0,NA,NA,NA,NA,0,NA,NA,NA,NA,0,NA,NA,NA,NA,2107300,NA,NA,NA,NA,0,NA,NA,NA,NA,0,NA,NA,NA,NA,0,NA,NA,NA,NA,NA,NA,NA,NA,NA,NA,NA,NA,NA,NA,NA,NA,NA,NA,NA,0,NA,NA,NA,NA,0,NA,NA,NA,NA,NA,NA,NA,NA,NA
M19 [Other Items],19.15',Albendazole 400 mg tablet,4. Stock Distributed,2248400,NA,NA,NA,NA,0,NA,NA,NA,NA,0,NA,NA,NA,NA,491900,NA,NA,NA,NA,700700,NA,NA,NA,NA,0,NA,NA,NA,NA,489200,NA,NA,NA,NA,436000,NA,NA,NA,NA,NA,NA,NA,NA,NA,NA,NA,NA,NA,NA,NA,NA,NA,NA,NA,0,NA,NA,NA,NA,130600,NA,NA,NA,NA,NA,NA,NA,NA,NA
M19 [Other Items],19.15',Albendazole 400 mg tablet,5. Total Stock,2921406,NA,NA,NA,NA,114422,NA,NA,NA,NA,0,NA,NA,NA,NA,700033,NA,NA,NA,NA,1527300,NA,NA,NA,NA,0,NA,NA,NA,NA,477522,NA,NA,NA,NA,102129,NA,NA,NA,NA,NA,NA,NA,NA,NA,NA,NA,NA,NA,NA,NA,NA,NA,NA,NA,0,NA,NA,NA,NA,0,NA,NA,NA,NA,NA,NA,NA,NA,NA
M19 [Other Items],'19.16',Calcium Tablets,1. Balance From Previous Month,1316500,NA,NA,NA,NA,0,NA,NA,NA,NA,256000,NA,NA,NA,NA,0,NA,NA,NA,NA,0,NA,NA,NA,NA,0,NA,NA,NA,NA,220000,NA,NA,NA,NA,0,NA,NA,NA,NA,NA,NA,NA,NA,NA,NA,NA,NA,NA,NA,NA,NA,NA,NA,NA,548500,NA,NA,NA,NA,0,NA,NA,NA,NA,292000,NA,NA,NA,NA
M19 [Other Items],19.16',Calcium Tablets,2. Stocks Received,1099950,NA,NA,NA,NA,0,NA,NA,NA,NA,599950,NA,NA,NA,NA,0,NA,NA,NA,NA,0,NA,NA,NA,NA,0,NA,NA,NA,NA,0,NA,NA,NA,NA,0,NA,NA,NA,NA,NA,NA,NA,NA,NA,NA,NA,NA,NA,NA,NA,NA,NA,NA,NA,500000,NA,NA,NA,NA,0,NA,NA,NA,NA,0,NA,NA,NA,NA
M19 [Other Items],19.16',Calcium Tablets,3. Unusable Stock,0,NA,NA,NA,NA,0,NA,NA,NA,NA,0,NA,NA,NA,NA,0,NA,NA,NA,NA,0,NA,NA,NA,NA,0,NA,NA,NA,NA,0,NA,NA,NA,NA,0,NA,NA,NA,NA,NA,NA,NA,NA,NA,NA,NA,NA,NA,NA,NA,NA,NA,NA,NA,0,NA,NA,NA,NA,0,NA,NA,NA,NA,NA,NA,NA,NA,NA
M19 [Other Items],19.16',Calcium Tablets,4. Stock Distributed,673950,NA,NA,NA,NA,0,NA,NA,NA,NA,96950,NA,NA,NA,NA,0,NA,NA,NA,NA,0,NA,NA,NA,NA,0,NA,NA,NA,NA,60000,NA,NA,NA,NA,0,NA,NA,NA,NA,NA,NA,NA,NA,NA,NA,NA,NA,NA,NA,NA,NA,NA,NA,NA,500000,NA,NA,NA,NA,0,NA,NA,NA,NA,17000,NA,NA,NA,NA
M19 [Other Items],19.16',Calcium Tablets,5. Total Stock,1742500,NA,NA,NA,NA,0,NA,NA,NA,NA,759000,NA,NA,NA,NA,0,NA,NA,NA,NA,0,NA,NA,NA,NA,0,NA,NA,NA,NA,160000,NA,NA,NA,NA,0,NA,NA,NA,NA,NA,NA,NA,NA,NA,NA,NA,NA,NA,NA,NA,NA,NA,NA,NA,548500,NA,NA,NA,NA,0,NA,NA,NA,NA,275000,NA,NA,NA,NA
M20 [Syringes],'20.1',Syringes - 0.1 ml (AD),1. Balance From Previous Month,2397804,NA,NA,NA,NA,663900,NA,NA,NA,NA,93200,NA,NA,NA,NA,83350,NA,NA,NA,NA,198349,NA,NA,NA,NA,156075,NA,NA,NA,NA,84400,NA,NA,NA,NA,55800,NA,NA,NA,NA,214980,NA,NA,NA,NA,153250,NA,NA,NA,NA,115450,NA,NA,NA,NA,398300,NA,NA,NA,NA,94100,NA,NA,NA,NA,86650,NA,NA,NA,NA
M20 [Syringes],20.1',Syringes - 0.1 ml (AD),2. Stocks Received,1576100,NA,NA,NA,NA,138000,NA,NA,NA,NA,43600,NA,NA,NA,NA,42600,NA,NA,NA,NA,162000,NA,NA,NA,NA,162000,NA,NA,NA,NA,140000,NA,NA,NA,NA,159000,NA,NA,NA,NA,111000,NA,NA,NA,NA,132000,NA,NA,NA,NA,8400,NA,NA,NA,NA,228100,NA,NA,NA,NA,115200,NA,NA,NA,NA,134200,NA,NA,NA,NA
M20 [Syringes],20.1',Syringes - 0.1 ml (AD),3. Unusable Stock,1049853,NA,NA,NA,NA,455175,NA,NA,NA,NA,0,NA,NA,NA,NA,0,NA,NA,NA,NA,219123,NA,NA,NA,NA,318375,NA,NA,NA,NA,0,NA,NA,NA,NA,57180,NA,NA,NA,NA,0,NA,NA,NA,NA,0,NA,NA,NA,NA,0,NA,NA,NA,NA,0,NA,NA,NA,NA,NA,NA,NA,NA,NA,0,NA,NA,NA,NA
M20 [Syringes],20.1',Syringes - 0.1 ml (AD),4. Stock Distributed,1512089,NA,NA,NA,NA,97400,NA,NA,NA,NA,85340,NA,NA,NA,NA,61450,NA,NA,NA,NA,141294,NA,NA,NA,NA,154525,NA,NA,NA,NA,141200,NA,NA,NA,NA,157620,NA,NA,NA,NA,91900,NA,NA,NA,NA,104200,NA,NA,NA,NA,52710,NA,NA,NA,NA,179000,NA,NA,NA,NA,114750,NA,NA,NA,NA,130700,NA,NA,NA,NA
M20 [Syringes],20.1',Syringes - 0.1 ml (AD),5. Total Stock,1411962,NA,NA,NA,NA,249325,NA,NA,NA,NA,51460,NA,NA,NA,NA,64500,NA,NA,NA,NA,-68,NA,NA,NA,NA,-154825,NA,NA,NA,NA,83200,NA,NA,NA,NA,0,NA,NA,NA,NA,234080,NA,NA,NA,NA,181050,NA,NA,NA,NA,71140,NA,NA,NA,NA,447400,NA,NA,NA,NA,94550,NA,NA,NA,NA,90150,NA,NA,NA,NA
M20 [Syringes],'20.2',Syringes - 0.5 ml (AD),1. Balance From Previous Month,15754970,NA,NA,NA,NA,1987350,NA,NA,NA,NA,387600,NA,NA,NA,NA,1238100,NA,NA,NA,NA,1583850,NA,NA,NA,NA,2216550,NA,NA,NA,NA,762300,NA,NA,NA,NA,210200,NA,NA,NA,NA,2761280,NA,NA,NA,NA,894950,NA,NA,NA,NA,513850,NA,NA,NA,NA,748300,NA,NA,NA,NA,165200,NA,NA,NA,NA,2285440,NA,NA,NA,NA
M20 [Syringes],20.2',Syringes - 0.5 ml (AD),2. Stocks Received,2992600,NA,NA,NA,NA,488000,NA,NA,NA,NA,406000,NA,NA,NA,NA,0,NA,NA,NA,NA,102000,NA,NA,NA,NA,245000,NA,NA,NA,NA,404600,NA,NA,NA,NA,14400,NA,NA,NA,NA,210000,NA,NA,NA,NA,6600,NA,NA,NA,NA,0,NA,NA,NA,NA,602000,NA,NA,NA,NA,100000,NA,NA,NA,NA,414000,NA,NA,NA,NA
M20 [Syringes],20.2',Syringes - 0.5 ml (AD),3. Unusable Stock,4087850,NA,NA,NA,NA,55200,NA,NA,NA,NA,0,NA,NA,NA,NA,0,NA,NA,NA,NA,1369700,NA,NA,NA,NA,2461550,NA,NA,NA,NA,0,NA,NA,NA,NA,201400,NA,NA,NA,NA,0,NA,NA,NA,NA,0,NA,NA,NA,NA,0,NA,NA,NA,NA,0,NA,NA,NA,NA,NA,NA,NA,NA,NA,0,NA,NA,NA,NA
M20 [Syringes],20.2',Syringes - 0.5 ml (AD),4. Stock Distributed,4824710,NA,NA,NA,NA,551500,NA,NA,NA,NA,545800,NA,NA,NA,NA,229600,NA,NA,NA,NA,315850,NA,NA,NA,NA,557300,NA,NA,NA,NA,466100,NA,NA,NA,NA,23200,NA,NA,NA,NA,394970,NA,NA,NA,NA,243800,NA,NA,NA,NA,172850,NA,NA,NA,NA,594200,NA,NA,NA,NA,161800,NA,NA,NA,NA,567740,NA,NA,NA,NA
M20 [Syringes],20.2',Syringes - 0.5 ml (AD),5. Total Stock,9835010,NA,NA,NA,NA,1868650,NA,NA,NA,NA,247800,NA,NA,NA,NA,1008500,NA,NA,NA,NA,300,NA,NA,NA,NA,-557300,NA,NA,NA,NA,700800,NA,NA,NA,NA,0,NA,NA,NA,NA,2576310,NA,NA,NA,NA,657750,NA,NA,NA,NA,341000,NA,NA,NA,NA,756100,NA,NA,NA,NA,103400,NA,NA,NA,NA,2131700,NA,NA,NA,NA
M20 [Syringes],'20.3',Syringes - 5.0 ml (Disposable),1. Balance From Previous Month,978645,NA,NA,NA,NA,128500,NA,NA,NA,NA,27200,NA,NA,NA,NA,58200,NA,NA,NA,NA,25650,NA,NA,NA,NA,166700,NA,NA,NA,NA,58900,NA,NA,NA,NA,225600,NA,NA,NA,NA,50175,NA,NA,NA,NA,17780,NA,NA,NA,NA,15000,NA,NA,NA,NA,119200,NA,NA,NA,NA,31740,NA,NA,NA,NA,54000,NA,NA,NA,NA
M20 [Syringes],20.3',Syringes - 5.0 ml (Disposable),2. Stocks Received,690400,NA,NA,NA,NA,36000,NA,NA,NA,NA,15000,NA,NA,NA,NA,12600,NA,NA,NA,NA,14400,NA,NA,NA,NA,27000,NA,NA,NA,NA,85000,NA,NA,NA,NA,303000,NA,NA,NA,NA,17800,NA,NA,NA,NA,33000,NA,NA,NA,NA,0,NA,NA,NA,NA,75800,NA,NA,NA,NA,9000,NA,NA,NA,NA,61800,NA,NA,NA,NA
M20 [Syringes],20.3',Syringes - 5.0 ml (Disposable),3. Unusable Stock,652020,NA,NA,NA,NA,9600,NA,NA,NA,NA,0,NA,NA,NA,NA,0,NA,NA,NA,NA,23170,NA,NA,NA,NA,193700,NA,NA,NA,NA,0,NA,NA,NA,NA,425550,NA,NA,NA,NA,0,NA,NA,NA,NA,0,NA,NA,NA,NA,0,NA,NA,NA,NA,0,NA,NA,NA,NA,NA,NA,NA,NA,NA,0,NA,NA,NA,NA
M20 [Syringes],20.3',Syringes - 5.0 ml (Disposable),4. Stock Distributed,748055,NA,NA,NA,NA,37300,NA,NA,NA,NA,31400,NA,NA,NA,NA,37500,NA,NA,NA,NA,16910,NA,NA,NA,NA,55200,NA,NA,NA,NA,56100,NA,NA,NA,NA,289450,NA,NA,NA,NA,29965,NA,NA,NA,NA,16440,NA,NA,NA,NA,10100,NA,NA,NA,NA,83050,NA,NA,NA,NA,23840,NA,NA,NA,NA,60800,NA,NA,NA,NA
M20 [Syringes],20.3',Syringes - 5.0 ml (Disposable),5. Total Stock,268970,NA,NA,NA,NA,117600,NA,NA,NA,NA,10800,NA,NA,NA,NA,33300,NA,NA,NA,NA,-30,NA,NA,NA,NA,-55200,NA,NA,NA,NA,87800,NA,NA,NA,NA,-186400,NA,NA,NA,NA,38010,NA,NA,NA,NA,34340,NA,NA,NA,NA,4900,NA,NA,NA,NA,111950,NA,NA,NA,NA,16900,NA,NA,NA,NA,55000,NA,NA,NA,NA
M21 [Rashtriya Bal Swasthaya Karyakram (RBSK)],'21.1',Number of newborn screened for defects at birth (as per RBSK),TOTAL,200989,NA,NA,NA,NA,5247,NA,NA,NA,NA,20198,NA,NA,NA,NA,13457,NA,NA,NA,NA,21505,NA,NA,NA,NA,1802,NA,NA,NA,NA,47338,NA,NA,NA,NA,1065,NA,NA,NA,NA,2827,NA,NA,NA,NA,4444,NA,NA,NA,NA,23472,NA,NA,NA,NA,39993,NA,NA,NA,NA,16294,NA,NA,NA,NA,3347,NA,NA,NA,NA
M21 [Rashtriya Bal Swasthaya Karyakram (RBSK)],'21.2',Number of children (6 month to 6 years) screened by RBSK mobile health teams at Anganwadi center,TOTAL,1933444,NA,NA,NA,NA,161673,NA,NA,NA,NA,161851,NA,NA,NA,NA,144492,NA,NA,NA,NA,168446,NA,NA,NA,NA,131079,NA,NA,NA,NA,164130,NA,NA,NA,NA,173109,NA,NA,NA,NA,173085,NA,NA,NA,NA,121429,NA,NA,NA,NA,84136,NA,NA,NA,NA,178449,NA,NA,NA,NA,101552,NA,NA,NA,NA,170013,NA,NA,NA,NA
M21 [Rashtriya Bal Swasthaya Karyakram (RBSK)],'21.3',Number of children (6 years to 18 years) screened by RBSK mobile health teams at Govt and Govt aided schools,TOTAL,2153225,NA,NA,NA,NA,157914,NA,NA,NA,NA,233226,NA,NA,NA,NA,167783,NA,NA,NA,NA,189249,NA,NA,NA,NA,134471,NA,NA,NA,NA,188148,NA,NA,NA,NA,216944,NA,NA,NA,NA,128924,NA,NA,NA,NA,138480,NA,NA,NA,NA,154218,NA,NA,NA,NA,181839,NA,NA,NA,NA,166390,NA,NA,NA,NA,95639,NA,NA,NA,NA
M21 [Rashtriya Bal Swasthaya Karyakram (RBSK)],'21.4.1.a',Number of Male children identified with Disease,TOTAL,15591,NA,NA,NA,NA,1867,NA,NA,NA,NA,1046,NA,NA,NA,NA,782,NA,NA,NA,NA,2638,NA,NA,NA,NA,522,NA,NA,NA,NA,613,NA,NA,NA,NA,2373,NA,NA,NA,NA,853,NA,NA,NA,NA,1813,NA,NA,NA,NA,1043,NA,NA,NA,NA,458,NA,NA,NA,NA,1551,NA,NA,NA,NA,32,NA,NA,NA,NA
M21 [Rashtriya Bal Swasthaya Karyakram (RBSK)],'21.4.1.b',Number of Female children identified with Disease,TOTAL,14568,NA,NA,NA,NA,2724,NA,NA,NA,NA,739,NA,NA,NA,NA,670,NA,NA,NA,NA,2444,NA,NA,NA,NA,424,NA,NA,NA,NA,679,NA,NA,NA,NA,1866,NA,NA,NA,NA,748,NA,NA,NA,NA,1477,NA,NA,NA,NA,941,NA,NA,NA,NA,392,NA,NA,NA,NA,1442,NA,NA,NA,NA,22,NA,NA,NA,NA
M21 [Rashtriya Bal Swasthaya Karyakram (RBSK)],'21.4.2.a',Number of Male children identified with Deficiency,TOTAL,5216,NA,NA,NA,NA,1059,NA,NA,NA,NA,403,NA,NA,NA,NA,575,NA,NA,NA,NA,290,NA,NA,NA,NA,98,NA,NA,NA,NA,51,NA,NA,NA,NA,200,NA,NA,NA,NA,157,NA,NA,NA,NA,1803,NA,NA,NA,NA,156,NA,NA,NA,NA,83,NA,NA,NA,NA,239,NA,NA,NA,NA,102,NA,NA,NA,NA
M21 [Rashtriya Bal Swasthaya Karyakram (RBSK)],'21.4.2.b',Number of Female children identified with Deficiency,TOTAL,4408,NA,NA,NA,NA,373,NA,NA,NA,NA,325,NA,NA,NA,NA,529,NA,NA,NA,NA,383,NA,NA,NA,NA,65,NA,NA,NA,NA,72,NA,NA,NA,NA,179,NA,NA,NA,NA,187,NA,NA,NA,NA,1488,NA,NA,NA,NA,174,NA,NA,NA,NA,79,NA,NA,NA,NA,443,NA,NA,NA,NA,111,NA,NA,NA,NA
M21 [Rashtriya Bal Swasthaya Karyakram (RBSK)],'21.4.3.a',Number of Male children identified with Developmental delay,TOTAL,17857,NA,NA,NA,NA,2580,NA,NA,NA,NA,1672,NA,NA,NA,NA,2387,NA,NA,NA,NA,923,NA,NA,NA,NA,679,NA,NA,NA,NA,638,NA,NA,NA,NA,3429,NA,NA,NA,NA,966,NA,NA,NA,NA,672,NA,NA,NA,NA,699,NA,NA,NA,NA,1680,NA,NA,NA,NA,1029,NA,NA,NA,NA,503,NA,NA,NA,NA
M21 [Rashtriya Bal Swasthaya Karyakram (RBSK)],'21.4.3.b',Number of Female children identified with Developmental delay,TOTAL,14191,NA,NA,NA,NA,2322,NA,NA,NA,NA,1210,NA,NA,NA,NA,1706,NA,NA,NA,NA,869,NA,NA,NA,NA,476,NA,NA,NA,NA,679,NA,NA,NA,NA,2446,NA,NA,NA,NA,727,NA,NA,NA,NA,595,NA,NA,NA,NA,676,NA,NA,NA,NA,1245,NA,NA,NA,NA,883,NA,NA,NA,NA,357,NA,NA,NA,NA
M21 [Rashtriya Bal Swasthaya Karyakram (RBSK)],'21.5.1',Number of Children Managed by Intervention - Medical,TOTAL,31028,NA,NA,NA,NA,1695,NA,NA,NA,NA,1950,NA,NA,NA,NA,3695,NA,NA,NA,NA,4338,NA,NA,NA,NA,1664,NA,NA,NA,NA,1736,NA,NA,NA,NA,5571,NA,NA,NA,NA,791,NA,NA,NA,NA,6362,NA,NA,NA,NA,1922,NA,NA,NA,NA,396,NA,NA,NA,NA,337,NA,NA,NA,NA,571,NA,NA,NA,NA
M21 [Rashtriya Bal Swasthaya Karyakram (RBSK)],'21.5.2',Number of Children Managed by Intervention - Surgical,TOTAL,2059,NA,NA,NA,NA,127,NA,NA,NA,NA,663,NA,NA,NA,NA,268,NA,NA,NA,NA,177,NA,NA,NA,NA,15,NA,NA,NA,NA,78,NA,NA,NA,NA,248,NA,NA,NA,NA,126,NA,NA,NA,NA,16,NA,NA,NA,NA,0,NA,NA,NA,NA,196,NA,NA,NA,NA,68,NA,NA,NA,NA,77,NA,NA,NA,NA
M21 [Rashtriya Bal Swasthaya Karyakram (RBSK)],'21.5.3',Early intervention at DEIC ( District Early Intervention Centre),TOTAL,23008,NA,NA,NA,NA,3393,NA,NA,NA,NA,2779,NA,NA,NA,NA,3093,NA,NA,NA,NA,906,NA,NA,NA,NA,2052,NA,NA,NA,NA,944,NA,NA,NA,NA,2562,NA,NA,NA,NA,284,NA,NA,NA,NA,1655,NA,NA,NA,NA,811,NA,NA,NA,NA,3396,NA,NA,NA,NA,495,NA,NA,NA,NA,638,NA,NA,NA,NA
M22 [Adolscent Health],'22.1.1.a',Girls (6th -12th class) provided 4 IFA tablets in schools,TOTAL,7397100,NA,NA,NA,NA,613213,NA,NA,NA,NA,729632,NA,NA,NA,NA,473764,NA,NA,NA,NA,752380,NA,NA,NA,NA,307641,NA,NA,NA,NA,645534,NA,NA,NA,NA,315565,NA,NA,NA,NA,429981,NA,NA,NA,NA,870458,NA,NA,NA,NA,629473,NA,NA,NA,NA,668792,NA,NA,NA,NA,397613,NA,NA,NA,NA,563054,NA,NA,NA,NA
M22 [Adolscent Health],'22.1.1.b',Boys (6th -12th class) provided 4 IFA tablets in schools,TOTAL,7381922,NA,NA,NA,NA,596754,NA,NA,NA,NA,689366,NA,NA,NA,NA,417118,NA,NA,NA,NA,753123,NA,NA,NA,NA,263238,NA,NA,NA,NA,633150,NA,NA,NA,NA,388485,NA,NA,NA,NA,428060,NA,NA,NA,NA,981125,NA,NA,NA,NA,573221,NA,NA,NA,NA,669958,NA,NA,NA,NA,466605,NA,NA,NA,NA,521719,NA,NA,NA,NA
M22 [Adolscent Health],'22.1.2.a',Girls (6th -12th class) provided albendazole in schools,TOTAL,999727,NA,NA,NA,NA,114644,NA,NA,NA,NA,0,NA,NA,NA,NA,84250,NA,NA,NA,NA,62361,NA,NA,NA,NA,198491,NA,NA,NA,NA,230729,NA,NA,NA,NA,20722,NA,NA,NA,NA,46334,NA,NA,NA,NA,28393,NA,NA,NA,NA,111435,NA,NA,NA,NA,0,NA,NA,NA,NA,65846,NA,NA,NA,NA,36522,NA,NA,NA,NA
M22 [Adolscent Health],'22.1.2.b',Boys (6th -12th class) provided albendazole in schools,TOTAL,910465,NA,NA,NA,NA,50267,NA,NA,NA,NA,0,NA,NA,NA,NA,91033,NA,NA,NA,NA,64160,NA,NA,NA,NA,183332,NA,NA,NA,NA,223024,NA,NA,NA,NA,19168,NA,NA,NA,NA,34428,NA,NA,NA,NA,28510,NA,NA,NA,NA,110954,NA,NA,NA,NA,0,NA,NA,NA,NA,69782,NA,NA,NA,NA,35807,NA,NA,NA,NA
M22 [Adolscent Health],'22.1.3',Number of out of school adolscent girls (10-19 years) provided 4 IFA tablets at Anganwadi Centres,TOTAL,1437191,NA,NA,NA,NA,157626,NA,NA,NA,NA,22776,NA,NA,NA,NA,72009,NA,NA,NA,NA,10113,NA,NA,NA,NA,1570,NA,NA,NA,NA,12124,NA,NA,NA,NA,63603,NA,NA,NA,NA,107998,NA,NA,NA,NA,32473,NA,NA,NA,NA,20109,NA,NA,NA,NA,858840,NA,NA,NA,NA,649,NA,NA,NA,NA,77301,NA,NA,NA,NA
M22 [Adolscent Health],'22.1.4',Number of out of school adolscent girls (10-19 years) provided albendazole at Anganwadi Centres,TOTAL,109010,NA,NA,NA,NA,1235,NA,NA,NA,NA,0,NA,NA,NA,NA,84250,NA,NA,NA,NA,0,NA,NA,NA,NA,1775,NA,NA,NA,NA,3295,NA,NA,NA,NA,15910,NA,NA,NA,NA,125,NA,NA,NA,NA,0,NA,NA,NA,NA,1185,NA,NA,NA,NA,0,NA,NA,NA,NA,112,NA,NA,NA,NA,1123,NA,NA,NA,NA
M22 [Adolscent Health],'22.2.1',Number of adolescent girls provided sanitary napkin packs,TOTAL,132535,NA,NA,NA,NA,0,NA,NA,NA,NA,NA,NA,NA,NA,NA,0,NA,NA,NA,NA,0,NA,NA,NA,NA,132535,NA,NA,NA,NA,0,NA,NA,NA,NA,0,NA,NA,NA,NA,NA,NA,NA,NA,NA,0,NA,NA,NA,NA,0,NA,NA,NA,NA,0,NA,NA,NA,NA,0,NA,NA,NA,NA,0,NA,NA,NA,NA
M22 [Adolscent Health],'22.2.2',Number of sanitary napkin packs sold to adolescent girls,TOTAL,0,NA,NA,NA,NA,0,NA,NA,NA,NA,NA,NA,NA,NA,NA,0,NA,NA,NA,NA,0,NA,NA,NA,NA,0,NA,NA,NA,NA,0,NA,NA,NA,NA,0,NA,NA,NA,NA,NA,NA,NA,NA,NA,0,NA,NA,NA,NA,0,NA,NA,NA,NA,0,NA,NA,NA,NA,0,NA,NA,NA,NA,0,NA,NA,NA,NA
M22 [Adolscent Health],'22.2.3',Number of sanitary napkin packs distributed free to ASHA,TOTAL,1679,NA,NA,NA,NA,948,NA,NA,NA,NA,NA,NA,NA,NA,NA,0,NA,NA,NA,NA,0,NA,NA,NA,NA,731,NA,NA,NA,NA,0,NA,NA,NA,NA,0,NA,NA,NA,NA,NA,NA,NA,NA,NA,0,NA,NA,NA,NA,0,NA,NA,NA,NA,0,NA,NA,NA,NA,0,NA,NA,NA,NA,0,NA,NA,NA,NA
M22 [Adolscent Health],'22.2.4',Number of adolescent girls attended monthly meeting,TOTAL,372894,NA,NA,NA,NA,15562,NA,NA,NA,NA,NA,NA,NA,NA,NA,94490,NA,NA,NA,NA,0,NA,NA,NA,NA,0,NA,NA,NA,NA,0,NA,NA,NA,NA,0,NA,NA,NA,NA,NA,NA,NA,NA,NA,0,NA,NA,NA,NA,0,NA,NA,NA,NA,0,NA,NA,NA,NA,262842,NA,NA,NA,NA,0,NA,NA,NA,NA
M23 [Coverage under WIFS JUNIOR (Weekly Iron Folic Acid Supplementation Programme for children 6 - 1,'23.1',Number of children covered under WIFS JUNIOR (6 - 10 years ) provided 4-5 IFA tablets in schools,TOTAL,9007272,NA,NA,NA,NA,1010794,NA,NA,NA,NA,1056689,NA,NA,NA,NA,583282,NA,NA,NA,NA,1155510,NA,NA,NA,NA,201841,NA,NA,NA,NA,876757,NA,NA,NA,NA,83699,NA,NA,NA,NA,10600,NA,NA,NA,NA,1013554,NA,NA,NA,NA,620272,NA,NA,NA,NA,1045138,NA,NA,NA,NA,548031,NA,NA,NA,NA,801105,NA,NA,NA,NA
M23 [Coverage under WIFS JUNIOR (Weekly Iron Folic Acid Supplementation Programme for children 6 - 1,'23.2',Number of children (6 - 10 years) provided albendazole in schools,TOTAL,873258,NA,NA,NA,NA,124002,NA,NA,NA,NA,NA,NA,NA,NA,NA,0,NA,NA,NA,NA,85941,NA,NA,NA,NA,183762,NA,NA,NA,NA,142666,NA,NA,NA,NA,60705,NA,NA,NA,NA,0,NA,NA,NA,NA,23827,NA,NA,NA,NA,98868,NA,NA,NA,NA,0,NA,NA,NA,NA,110036,NA,NA,NA,NA,43451,NA,NA,NA,NA
M23 [Coverage under WIFS JUNIOR (Weekly Iron Folic Acid Supplementation Programme for children 6 - 1,'23.3',Number of out of school children (6-10 years) given 4-5 IFA tablets at Anganwadi Centres,TOTAL,128515,NA,NA,NA,NA,0,NA,NA,NA,NA,NA,NA,NA,NA,NA,21785,NA,NA,NA,NA,4973,NA,NA,NA,NA,1313,NA,NA,NA,NA,6260,NA,NA,NA,NA,39328,NA,NA,NA,NA,980,NA,NA,NA,NA,4426,NA,NA,NA,NA,0,NA,NA,NA,NA,4715,NA,NA,NA,NA,0,NA,NA,NA,NA,44735,NA,NA,NA,NA
M23 [Coverage under WIFS JUNIOR (Weekly Iron Folic Acid Supplementation Programme for children 6 - 1,'23.4',Number of out of school children (6-10 years) provided albendazole at Anganwadi Centres,TOTAL,6232,NA,NA,NA,NA,0,NA,NA,NA,NA,NA,NA,NA,NA,NA,0,NA,NA,NA,NA,0,NA,NA,NA,NA,531,NA,NA,NA,NA,2100,NA,NA,NA,NA,1091,NA,NA,NA,NA,0,NA,NA,NA,NA,0,NA,NA,NA,NA,956,NA,NA,NA,NA,0,NA,NA,NA,NA,0,NA,NA,NA,NA,1554,NA,NA,NA,NA
M24 [Maternal Death Reviews (MDR) Done],'24.1',Total Maternal Deaths Reviewed (MDR) by CMO,TOTAL,171,NA,NA,NA,NA,14,NA,NA,NA,NA,9,NA,NA,NA,NA,15,NA,NA,NA,NA,24,NA,NA,NA,NA,22,NA,NA,NA,NA,10,NA,NA,NA,NA,0,NA,NA,NA,NA,7,NA,NA,NA,NA,7,NA,NA,NA,NA,17,NA,NA,NA,NA,14,NA,NA,NA,NA,12,NA,NA,NA,NA,20,NA,NA,NA,NA
M24 [Maternal Death Reviews (MDR) Done],'24.2',Total Maternal Deaths Reviewed (MDR) by DM,TOTAL,100,NA,NA,NA,NA,14,NA,NA,NA,NA,9,NA,NA,NA,NA,0,NA,NA,NA,NA,0,NA,NA,NA,NA,22,NA,NA,NA,NA,15,NA,NA,NA,NA,0,NA,NA,NA,NA,7,NA,NA,NA,NA,0,NA,NA,NA,NA,17,NA,NA,NA,NA,5,NA,NA,NA,NA,11,NA,NA,NA,NA,0,NA,NA,NA,NA
M24 [Maternal Death Reviews (MDR) Done],'24.3',Number of maternal deaths reported through Community based Maternal Death Review (CBMDR),TOTAL,198,NA,NA,NA,NA,14,NA,NA,NA,NA,9,NA,NA,NA,NA,14,NA,NA,NA,NA,28,NA,NA,NA,NA,22,NA,NA,NA,NA,18,NA,NA,NA,NA,0,NA,NA,NA,NA,7,NA,NA,NA,NA,7,NA,NA,NA,NA,17,NA,NA,NA,NA,33,NA,NA,NA,NA,12,NA,NA,NA,NA,17,NA,NA,NA,NA
M25 [Janani Shishu Suraksha Karyakram (JSSK)],'25.1.1',Number of Pregnant Women provided - Free Medicines under JSSK,TOTAL,182817,NA,NA,NA,NA,13743,NA,NA,NA,NA,20366,NA,NA,NA,NA,9258,NA,NA,NA,NA,21583,NA,NA,NA,NA,13981,NA,NA,NA,NA,11491,NA,NA,NA,NA,21688,NA,NA,NA,NA,3163,NA,NA,NA,NA,7602,NA,NA,NA,NA,8930,NA,NA,NA,NA,23089,NA,NA,NA,NA,16301,NA,NA,NA,NA,11622,NA,NA,NA,NA
M25 [Janani Shishu Suraksha Karyakram (JSSK)],'25.1.2',Number of Pregnant Women provided - Free Diet under JSSK,TOTAL,173331,NA,NA,NA,NA,13743,NA,NA,NA,NA,20366,NA,NA,NA,NA,9278,NA,NA,NA,NA,21583,NA,NA,NA,NA,13236,NA,NA,NA,NA,11491,NA,NA,NA,NA,20760,NA,NA,NA,NA,3163,NA,NA,NA,NA,7840,NA,NA,NA,NA,7327,NA,NA,NA,NA,22732,NA,NA,NA,NA,10190,NA,NA,NA,NA,11622,NA,NA,NA,NA
M25 [Janani Shishu Suraksha Karyakram (JSSK)],'25.1.3',Number of Pregnant Women provided - Free Diagnostics under JSSK,TOTAL,203659,NA,NA,NA,NA,13743,NA,NA,NA,NA,20366,NA,NA,NA,NA,9258,NA,NA,NA,NA,21583,NA,NA,NA,NA,13870,NA,NA,NA,NA,11491,NA,NA,NA,NA,47479,NA,NA,NA,NA,3163,NA,NA,NA,NA,5398,NA,NA,NA,NA,8930,NA,NA,NA,NA,23041,NA,NA,NA,NA,13715,NA,NA,NA,NA,11622,NA,NA,NA,NA
M25 [Janani Shishu Suraksha Karyakram (JSSK)],'25.1.4',Number of Pregnant Women provided - Free Home to facility transport under JSSK,TOTAL,117605,NA,NA,NA,NA,10768,NA,NA,NA,NA,8882,NA,NA,NA,NA,2358,NA,NA,NA,NA,23318,NA,NA,NA,NA,7123,NA,NA,NA,NA,5225,NA,NA,NA,NA,18246,NA,NA,NA,NA,2604,NA,NA,NA,NA,2749,NA,NA,NA,NA,7249,NA,NA,NA,NA,9426,NA,NA,NA,NA,7827,NA,NA,NA,NA,11830,NA,NA,NA,NA
M25 [Janani Shishu Suraksha Karyakram (JSSK)],'25.1.5',Number of Pregnant Women provided - Interfacility transfers when needed under JSSK,TOTAL,6846,NA,NA,NA,NA,NA,NA,NA,NA,NA,88,NA,NA,NA,NA,391,NA,NA,NA,NA,70,NA,NA,NA,NA,NA,NA,NA,NA,NA,324,NA,NA,NA,NA,3509,NA,NA,NA,NA,0,NA,NA,NA,NA,55,NA,NA,NA,NA,357,NA,NA,NA,NA,1585,NA,NA,NA,NA,NA,NA,NA,NA,NA,467,NA,NA,NA,NA
M25 [Janani Shishu Suraksha Karyakram (JSSK)],'25.1.6',Number of Pregnant Women provided - Free Drop Back home under JSSK,TOTAL,149916,NA,NA,NA,NA,12641,NA,NA,NA,NA,14792,NA,NA,NA,NA,12292,NA,NA,NA,NA,19453,NA,NA,NA,NA,9691,NA,NA,NA,NA,11156,NA,NA,NA,NA,14828,NA,NA,NA,NA,2637,NA,NA,NA,NA,5924,NA,NA,NA,NA,7285,NA,NA,NA,NA,19610,NA,NA,NA,NA,9602,NA,NA,NA,NA,10005,NA,NA,NA,NA
M25 [Janani Shishu Suraksha Karyakram (JSSK)],'25.2.1',Number of sick infants provided - Free Medicines under JSSK,TOTAL,19937,NA,NA,NA,NA,NA,NA,NA,NA,NA,0,NA,NA,NA,NA,2010,NA,NA,NA,NA,2240,NA,NA,NA,NA,363,NA,NA,NA,NA,53,NA,NA,NA,NA,7267,NA,NA,NA,NA,0,NA,NA,NA,NA,650,NA,NA,NA,NA,1320,NA,NA,NA,NA,3652,NA,NA,NA,NA,2187,NA,NA,NA,NA,195,NA,NA,NA,NA
M25 [Janani Shishu Suraksha Karyakram (JSSK)],'25.2.2',Number of sick infants provided - Free Diagnostics under JSSK,TOTAL,21484,NA,NA,NA,NA,NA,NA,NA,NA,NA,0,NA,NA,NA,NA,1990,NA,NA,NA,NA,2227,NA,NA,NA,NA,363,NA,NA,NA,NA,53,NA,NA,NA,NA,6906,NA,NA,NA,NA,0,NA,NA,NA,NA,650,NA,NA,NA,NA,1320,NA,NA,NA,NA,3652,NA,NA,NA,NA,4128,NA,NA,NA,NA,195,NA,NA,NA,NA
M25 [Janani Shishu Suraksha Karyakram (JSSK)],'25.2.3',Number of sick infants provided - Free Home to facility transport under JSSK,TOTAL,7389,NA,NA,NA,NA,NA,NA,NA,NA,NA,399,NA,NA,NA,NA,146,NA,NA,NA,NA,424,NA,NA,NA,NA,186,NA,NA,NA,NA,137,NA,NA,NA,NA,5511,NA,NA,NA,NA,0,NA,NA,NA,NA,116,NA,NA,NA,NA,0,NA,NA,NA,NA,275,NA,NA,NA,NA,NA,NA,NA,NA,NA,195,NA,NA,NA,NA
M25 [Janani Shishu Suraksha Karyakram (JSSK)],'25.2.4',Number of sick infants provided - Interfacility transfers when needed under JSSK,TOTAL,3021,NA,NA,NA,NA,NA,NA,NA,NA,NA,347,NA,NA,NA,NA,103,NA,NA,NA,NA,0,NA,NA,NA,NA,NA,NA,NA,NA,NA,268,NA,NA,NA,NA,1982,NA,NA,NA,NA,0,NA,NA,NA,NA,41,NA,NA,NA,NA,0,NA,NA,NA,NA,95,NA,NA,NA,NA,NA,NA,NA,NA,NA,185,NA,NA,NA,NA
M25 [Janani Shishu Suraksha Karyakram (JSSK)],'25.2.5',Number of sick infants provided - Free Drop Back home under JSSK,TOTAL,6093,NA,NA,NA,NA,NA,NA,NA,NA,NA,0,NA,NA,NA,NA,285,NA,NA,NA,NA,0,NA,NA,NA,NA,223,NA,NA,NA,NA,0,NA,NA,NA,NA,5241,NA,NA,NA,NA,0,NA,NA,NA,NA,335,NA,NA,NA,NA,0,NA,NA,NA,NA,9,NA,NA,NA,NA,NA,NA,NA,NA,NA,0,NA,NA,NA,NA
